time,dt,mCS_xx,mCS_yy,mCS_zz,mD,mEE_xx,mEE_yy,mEE_zz,mTE_xx,mTE_yy,mTE_zz,ma,mb,ndof,nelem,num_lin_it,num_nonlin_it
0,0,0,0,0,0,0,0,0,0,0,0,0,0,0,0,0,0
0.0001,0.0001,0.080000668530164,1.4140978048612e-08,1.5425885986515e-08,7.8593143537636e-05,5.0955834178411e-07,-1.5286745889068e-07,-1.5286744825132e-07,5.0955834178389e-07,-1.5286745889058e-07,-1.5286744825121e-07,4.6369954687205e-06,0.0068395682956061,673240,22406,41,2
0.00025,0.00015,0.20000176304663,3.5352124714924e-08,3.8564958888134e-08,7.8593144448248e-05,1.273896438672e-06,-3.8216882249269e-07,-3.821687958896e-07,1.273896438671e-06,-3.821688224922e-07,-3.8216879588908e-07,4.6369955224466e-06,0.0068395682956061,673240,22406,41,2
0.000475,0.000225,0.38000361119507,6.7169165881313e-08,7.327512355797e-08,7.8593146999117e-05,2.4204048984827e-06,-7.2612126224134e-07,-7.2612121168246e-07,2.4204048984794e-06,-7.2612126223975e-07,-7.2612121168078e-07,4.6369956729479e-06,0.0068395682956061,673240,22406,41,2
0.0008125,0.0003375,0.65000684775891,1.1489393086117e-07,1.2534277719818e-07,7.8593153669962e-05,4.1401705457828e-06,-1.2420508091502e-06,-1.2420507226311e-06,4.1401705457737e-06,-1.2420508091457e-06,-1.2420507226264e-06,4.6369960665278e-06,0.0068395682956061,673240,22406,41,2
0.00131875,0.00050625,1.0550127473777,1.8647974897614e-07,2.0344926298359e-07,7.8593169777894e-05,6.7198256713311e-06,-2.015947125913e-06,-2.0159469854011e-06,6.7198256713078e-06,-2.0159471259016e-06,-2.0159469853891e-06,4.6369970168957e-06,0.0068395682956061,673240,22406,41,2
0.002078125,0.000759375,1.6625239475618,2.9385516820474e-07,3.2062108999472e-07,7.8593208040056e-05,1.0589323332605e-05,-3.1767960929917e-06,-3.1767958713631e-06,1.0589323332548e-05,-3.176796092964e-06,-3.1767958713339e-06,4.6369992743633e-06,0.0068395682956061,673240,22406,41,2
0.0032171875,0.0011390625,2.5737960370952,4.5491110800997e-07,4.9640547057668e-07,7.85932967914e-05,1.6393603514014e-05,-4.9180796505675e-06,-4.9180793069836e-06,1.6393603513879e-05,-4.9180796505016e-06,-4.9180793069143e-06,4.6370045106926e-06,0.0068395682956061,673240,22406,41,2
0.00492578125,0.00170859375,3.9407160724163,6.964807026929e-07,7.6014419025734e-07,7.8593500890441e-05,2.5100099588718e-05,-7.5300277279454e-06,-7.5300272007955e-06,2.5100099588402e-05,-7.5300277277913e-06,-7.5300272006337e-06,4.637016552536e-06,0.0068395682956061,673240,22406,41,2
0.007488671875,0.002562890625,5.9911229033379,1.0588011364687e-06,1.155888812654e-06,7.8593966800845e-05,3.8160014260706e-05,-1.1448001012528e-05,-1.1448000208617e-05,3.8160014259975e-05,-1.1448001012171e-05,-1.1448000208243e-05,4.6370440412499e-06,0.0068395682956061,673240,22406,41,2
0.0113330078125,0.0038443359375,9.0667934022547,1.6022064837843e-06,1.7498128993858e-06,7.8595026363853e-05,5.775027004235e-05,-1.7325076072699e-05,-1.7325074850481e-05,5.7750270040668e-05,-1.7325076071878e-05,-1.732507484962e-05,4.6371065554673e-06,0.0068395682956061,673240,22406,41,2
0.01709951171875,0.00576650390625,13.680434726184,2.4171426939565e-06,2.6414021713014e-06,7.8597430520668e-05,8.7136517252358e-05,-2.6140947726962e-05,-2.6140945870037e-05,8.7136517248495e-05,-2.6140947725074e-05,-2.6140945868062e-05,4.6372484007194e-06,0.0068395682956061,673240,22406,41,2
0.025749267578125,0.008649755859375,20.601201781808,3.6391707677732e-06,3.9803573024923e-06,7.8602880916717e-05,0.00013121783118439,-3.9365338149547e-05,-3.9365335324435e-05,0.00013121783117549,-3.9365338145189e-05,-3.9365335319892e-05,4.6375699740863e-06,0.0068395682956061,673240,22406,41,2
0.038723901367188,0.012974633789063,30.983038855651,5.4714051558798e-06,5.9922894672255e-06,7.8615238294796e-05,0.00019734417462766,-5.9203235560363e-05,-5.9203231247308e-05,0.0001973441746072,-5.9203235550307e-05,-5.9203231236904e-05,4.638299059393e-06,0.0068395682956061,673240,22406,41,2
0.058185852050781,0.019461950683594,46.55733935196,8.217905795186e-06,9.0182319133742e-06,7.8643275787929e-05,0.00029654352981604,-8.8963033714342e-05,-8.8963027087438e-05,0.00029654352980307,-8.8963033704669e-05,-8.8963027084141e-05,4.6399532714878e-06,0.0068395682956061,673240,22406,41,2
0.087378778076172,0.029192926025391,69.922267050324,1.2334393103793e-05,1.3575391252661e-05,7.8707816840704e-05,0.00044536470877318,-0.00013360937486192,-0.00013360936458614,0.00044536483987578,-0.00013360942722813,-0.00013360944332253,4.6437611936015e-06,0.0068395682956061,673240,22406,41,2
0.13116816711426,0.043789389038086,80.025114044772,1.40959312005e-05,1.5613048993972e-05,7.8823328701014e-05,0.00050971404542725,-0.00015291417070965,-0.00015291415814753,0.00050971517023945,-0.00015291462004634,-0.00015291483362304,4.6505763933598e-06,0.0068395682956061,673240,22406,41,2
0.19685225067139,0.065684083557129,80.025114136947,1.4057661241086e-05,1.5744558523875e-05,7.8996705514356e-05,0.00050971404583619,-0.00015291417138083,-0.00015291415741289,0.00050971666112993,-0.00015291521609417,-0.00015291572799329,4.660805625347e-06,0.0068395682956061,673240,22406,33,2
0.29537837600708,0.098526125335693,80.025114295433,1.3997883820304e-05,1.5937754369225e-05,7.9257864868349e-05,0.00050971404659071,-0.00015291417243358,-0.00015291415637096,0.00050971889734111,-0.0001529161100283,-0.00015291706952665,4.6762140272326e-06,0.0068395682956061,673240,22406,36,2
0.44316756401062,0.14778918800354,80.02511457349,1.390570091418e-05,1.6223309774713e-05,7.9651955134224e-05,0.00050971404799227,-0.0001529141740977,-0.00015291415490731,0.00050972225162732,-0.00015291745077009,-0.00015291908186997,4.6994653529192e-06,0.0068395682956061,673240,22406,35,2
0.66485134601593,0.22168378200531,80.025115068167,1.3768762952585e-05,1.6651627774241e-05,8.024813515088e-05,0.0005097140505863,-0.0001529141767336,-0.00015291415286275,0.00050972728383537,-0.00015291946198856,-0.00015292210085685,4.7346399739019e-06,0.0068395682956061,673240,22406,35,2
0.9973770190239,0.33252567300797,80.025115955972,1.3579881492398e-05,1.7308631895888e-05,8.1150894234991e-05,0.00050971405534661,-0.00015291418088853,-0.00015291415001353,0.00050973483636251,-0.00015292248033133,-0.00015292663158663,4.7879027598645e-06,0.0068395682956061,673240,22406,35,2
1.4961655285358,0.49878850951195,80.025117555136,1.3351532265768e-05,1.8340535350929e-05,8.2516311866687e-05,0.00050971406399691,-0.0001529141873705,-0.00015291414606029,0.00050974618125699,-0.00015292701455125,-0.00015293343613962,4.8684624001345e-06,0.0068395682956061,673240,22406,35,2
2.2443482928038,0.74818276426792,80.025120424644,1.3138612740376e-05,1.9985702193536e-05,8.4542052725528e-05,0.00050971407953726,-0.00015291419735345,-0.0001529141406578,0.000509763251812,-0.00015293383911868,-0.00015294367116732,4.9879811108061e-06,0.0068395682956061,673240,22406,35,2
3.3666224392056,1.1222741464019,80.025125489492,1.3063691041055e-05,2.2601477237496e-05,8.7450471026207e-05,0.0005097141069423,-0.000152914212507,-0.0001529141335317,0.00050978901601549,-0.00015294414613997,-0.00015295910897193,5.1595777905462e-06,0.0068395682956061,673240,22406,41,2
5.0500336588085,1.6834112196028,80.025134126026,1.3329801327972e-05,2.6658159585559e-05,9.1474321702015e-05,0.00050971415369196,-0.00015291423506659,-0.00015291412470439,0.00050982809092828,-0.00015295979709337,-0.00015298249991392,5.3969849804189e-06,0.0068395682956061,673240,22406,50,2
6.7418619345093,1.6918282757008,80.02514358346,1.3918089261887e-05,3.0828388149857e-05,9.5219765052969e-05,0.00050971420483768,-0.00015291425735965,-0.00015291411733807,0.00050986784873547,-0.00015297574286269,-0.00015300627573282,5.6179661381251e-06,0.0068395682956061,673240,22406,50,2
8.4336902102101,1.6918282757008,80.025153371634,1.4688558285701e-05,3.4943685726926e-05,9.8702321780136e-05,0.00050971425784688,-0.00015291427901935,-0.00015291411130173,0.00050990811346518,-0.0001529919143888,-0.00015303033155058,5.823436985028e-06,0.0068395682956061,673240,22406,50,2
9.5728827796533,1.1391925694432,80.025160096531,1.5290677843285e-05,3.7701324394995e-05,0.0001009424236869,0.0005097142942607,-0.00015291429330369,-0.00015291410773782,0.00050993546236451,-0.00015300290898353,-0.00015304666016179,5.9556029975271e-06,0.0068395682956061,673240,22406,41,2
10.712075349096,1.1391925694432,80.025166773135,1.5911440758882e-05,4.0368118223879e-05,0.00010308590967718,0.00050971433050489,-0.00015291430720341,-0.00015291410469589,0.00050996304332762,-0.00015301400746819,-0.00015306311725384,6.0820686709536e-06,0.0068395682956061,673240,22406,41,2
12.420864203261,1.7087888541647,80.025176476324,1.6811314112697e-05,4.4091903173171e-05,0.00010610587003033,0.00050971438347362,-0.00015291432712837,-0.00015291410123814,0.00051000490455585,-0.00015303087516977,-0.00015308807427897,6.2602463317894e-06,0.0068395682956061,673240,22406,51,2
14.984047484508,2.5631832812471,80.02519026402,1.8065518987049e-05,4.9095788942235e-05,0.00011026682549191,0.00050971445933521,-0.00015291435504728,-0.00015291409810874,0.00051006868599448,-0.00015305662256085,-0.00015312605725444,6.5057427040229e-06,0.0068395682956061,673240,22406,81,3
18.828822406379,3.8447749218707,80.025209261766,1.9703763364303e-05,5.5454704068283e-05,0.00011586401927533,0.00050971456505876,-0.00015291439306483,-0.00015291409703793,0.00051016621523997,-0.00015309608317616,-0.0001531840571078,6.8357775057491e-06,0.0068395080904913,673240,22406,124,3
24.595984789185,5.767162382806,80.025234483399,2.1639068702012e-05,6.2921449133018e-05,0.00012320101150249,0.00050971470774041,-0.00015291444319991,-0.00015291410137128,0.00051031559297246,-0.00015315666956433,-0.00015327276023891,7.2674232935126e-06,0.0068392003704504,673240,22406,69,2
30.391982983905,5.79599819472,80.025257224023,2.3175780611106e-05,6.8838365632972e-05,0.00012981947378399,0.00050971483834254,-0.00015291448817157,-0.00015291411007373,0.00051046794464577,-0.00015321856201246,-0.00015336314253606,7.6542277417937e-06,0.0068383252314785,673240,22406,69,2
36.187981178625,5.79599819472,80.025277772886,2.4330911221949e-05,7.3465525748562e-05,0.00013586208114934,0.00050971495817806,-0.0001529145289211,-0.00015291412207397,0.00051062178173371,-0.00015328111413964,-0.00015345436041109,8.0039273025515e-06,0.0068369558493615,673240,22406,99,3
44.881978470705,8.69399729208,80.025304958813,2.5382621332395e-05,7.8333682709694e-05,0.0001440183045027,0.00050971512002498,-0.00015291458347215,-0.00015291414502387,0.00051085411015096,-0.00015337560130129,-0.00015359211732071,8.4661759696323e-06,0.0068334460842554,673240,22406,99,3
57.922974408825,13.04099593812,80.025340765882,2.6085308654801e-05,8.2904284734789e-05,0.0001547696089172,0.00050971533801914,-0.00015291465615122,-0.00015291418567562,0.00051120283100735,-0.0001535172714875,-0.00015379906332756,9.0618492310251e-06,0.0068279907852765,673240,22406,74,2
77.484468316005,19.56149390718,80.025388545518,2.621485952801e-05,8.6698593811186e-05,0.00016882268613539,0.0005097156348502,-0.00015291475387499,-0.00015291425305426,0.00051172162555677,-0.00015372743668133,-0.00015410756095449,9.8106606638598e-06,0.0068181236470115,673240,22406,110,3
106.82670917678,29.34224086077,80.025453916034,2.5720379330262e-05,8.9539928618726e-05,0.00018692947577689,0.00050971604673849,-0.00015291488736567,-0.00015291435892354,0.00051248568943276,-0.0001540354840985,-0.00015456340488499,1.0731481115204e-05,0.0068034312763889,673240,22406,118,3
150.84007046793,44.013361291155,80.025545562682,2.4748836413586e-05,9.1605160163554e-05,0.00020998187358822,0.00050971662838524,-0.00015291507262112,-0.00015291451903373,0.00051359995163454,-0.0001544817149468,-0.00015523119995735,1.1846520444265e-05,0.0067843095910312,673240,22406,126,3
216.86011240466,66.020041936733,80.025675764799,2.3565356381391e-05,9.3260388408461e-05,0.00023922433456671,0.00050971745679666,-0.00015291533211592,-0.0001529147550233,0.00051520993121589,-0.00015512087673135,-0.00015620168482711,1.3179743841891e-05,0.0067597118362752,673240,22406,130,3
315.89017530976,99.030062905099,80.025860993002,2.241436814327e-05,9.4828284831811e-05,0.00027642562417997,0.00050971863579749,-0.00015291569638228,-0.0001529150967766,0.00051751461938344,-0.00015602587636582,-0.00015760090037901,1.4761600183806e-05,0.0067283145713795,673240,22406,134,3
464.43526966741,148.54509435765,80.026122850231,2.1448981300264e-05,9.6453028833501e-05,0.00032449892752735,0.00050972030241802,-0.00015291620599998,-0.00015291558494736,0.00052078084762684,-0.00015729121746971,-0.00015960111868645,1.6627307272054e-05,0.0066853238151442,673240,22406,133,3
687.25291120388,222.81764153647,80.026489388876,2.0721480266389e-05,9.8067416905241e-05,0.00038717762341128,0.00050972263536438,-0.00015291691411088,-0.00015291627366682,0.00052535934797846,-0.00015903621251089,-0.00016243368788089,1.882211785812e-05,0.0066303519111358,673240,22406,171,4
911.18464094804,223.93172974416,80.02683722077,2.0255058933507e-05,9.9056330181696e-05,0.00044579510905766,0.00050972484985575,-0.00015291758361829,-0.00015291693112369,0.00052970851545272,-0.00016067131989514,-0.0001651468604438,2.0669098133293e-05,0.0065819558209837,673240,22406,171,4
1135.1163706922,223.93172974416,80.027168423945,1.9893945003851e-05,9.9566661533769e-05,0.00050121304207954,0.00050972695914499,-0.00015291821976584,-0.00015291756005545,0.00053385244057541,-0.00016221139870226,-0.00016774986254945,2.2276298687873e-05,0.0065400288466771,673240,22406,132,3
1471.0139653084,335.89759461623,80.027635709305,1.9468719401322e-05,9.9648601829246e-05,0.00057765555208773,0.00050972993614082,-0.00015291911553282,-0.00015291845162296,0.00053970129369907,-0.00016435557807901,-0.00017145334663502,2.4331870411571e-05,0.0064856754877377,673240,22406,172,4
1808.5910478977,337.57708258931,80.028081177525,1.8998045299817e-05,9.9071868748749e-05,0.00065117920377308,0.00050973277551943,-0.00015291996864187,-0.00015291930561021,0.00054527881753153,-0.00016637810674153,-0.00017500720952263,2.6154420985062e-05,0.0064380769976725,673240,22406,170,4
2146.1681304871,337.57708258931,80.028506520901,1.8460580804623e-05,9.7957476886052e-05,0.00072232791809922,0.00050973548786932,-0.00015292078269384,-0.00015292012443928,0.00055060493759025,-0.00016829288875287,-0.00017841746810118,2.7797880352919e-05,0.0063945824361724,673240,22406,169,4
2652.533754371,506.36562388397,80.02910782512,1.7589996520456e-05,9.5512836273531e-05,0.0008221358860255,0.00050973932416733,-0.00015292193255663,-0.00015292128733566,0.00055813287396034,-0.00017097464201295,-0.00018326212767235,2.9971613866117e-05,0.0063392942124431,673240,22406,168,4
3161.4312063744,508.89745200339,80.029681457466,1.6551936522011e-05,9.224812142774e-05,0.00091922117048471,0.0005097429860984,-0.00015292302904293,-0.00015292240225923,0.00056531273309614,-0.00017351650734688,-0.00018789867095302,3.1942969758073e-05,0.0062902423624932,673240,22406,167,4
3502.3924992167,340.96129284227,80.030053652271,1.5742865435002e-05,8.9646923401043e-05,0.00098422752816077,0.00050974536328238,-0.00015292374042607,-0.00015292312848164,0.00056997058233949,-0.00017516049633433,-0.00019091159163048,3.3189054785464e-05,0.0062595872336344,673240,22406,128,3
3843.353792059,340.96129284227,80.030414942964,1.4885053665811e-05,8.6781488217498e-05,0.0010482099135383,0.00050974767161147,-0.00015292443077887,-0.00015292383545807,0.00057449066425442,-0.00017675242780759,-0.00019383883107229,3.4373026447798e-05,0.006230309291454,673240,22406,127,3
4354.7957313224,511.44193926341,80.030935292628,1.3566411105744e-05,8.2105379418489e-05,0.0011407917019671,0.00050975099739549,-0.00015292542454135,-0.00015292485702123,0.00058099756192145,-0.00017904008713823,-0.00019805675895031,3.6032360117179e-05,0.0061892004360104,673240,22406,165,4
4868.7948802821,513.99914895973,80.03143895505,1.2158604163015e-05,7.6961357035219e-05,0.0012321332947438,0.0005097542179558,-0.0001529263860912,-0.00015292584950789,0.00058729311936703,-0.00018125215920506,-0.00020213897780526,3.7600480938999e-05,0.0061504094025423,673240,22406,164,4
5382.7940292418,513.99914895973,80.0319253824,1.068578754792e-05,7.1439779056165e-05,0.0013219133897441,0.00050975732958427,-0.00015292731440042,-0.00015292681134189,0.00059337075647361,-0.00018338831437877,-0.00020607923825289,3.9089792161875e-05,0.0061144653006358,673240,22406,159,4
6153.7927526814,770.99872343959,80.032621249967,8.4626471019023e-06,6.268541538485e-05,0.0014510847280102,0.00050976178283789,-0.00015292864151572,-0.00015292819253738,0.00060206025987933,-0.00018644770798767,-0.00021170760310687,4.1165993402654e-05,0.0060657860843611,673240,22406,198,5
7310.2908378408,1156.4980851594,80.033601576604,5.1255037742177e-06,4.8776577057904e-05,0.0016360046072808,0.0005097680599107,-0.00015293050942962,-0.00015293014798761,0.0006142924607569,-0.00019077194778304,-0.0002196131104804,4.4032618306097e-05,0.0059986009315327,673240,22406,241,5
7832.038588221,521.74775038019,80.034032273784,3.482987506346e-06,4.2023909557908e-05,0.0017212973636777,0.00050977081924659,-0.00015293132997656,-0.00015293101084791,0.00061966418273501,-0.0001926749469884,-0.0002230807573245,4.5285584318754e-05,0.005969513371488,673240,22406,160,4
8353.7863386012,521.74775038019,80.034452283519,1.8384258564012e-06,3.5125305622494e-05,0.0018056151637844,0.00050977351079235,-0.00015293212983581,-0.00015293185421196,0.00062490032329788,-0.00019453409417722,-0.00022645670237608,4.6501463761158e-05,0.0059418410421222,673240,22406,159,4
9136.4079641715,782.62162557028,80.035060588746,-5.6394155783881e-07,2.4665797644856e-05,0.0019284906895412,0.00050977740992477,-0.00015293328751786,-0.0001529330786092,0.0006324788710703,-0.00019723429003074,-0.00023133353724185,4.8240462105998e-05,0.0059028811891818,673240,22406,176,4
9922.9426978696,786.53473369813,80.035652245841,-2.9614564772693e-06,1.3956775844021e-05,0.0020502833116799,0.00050978120348564,-0.00015293441288052,-0.00015293427279325,0.00063984427879259,-0.00019986772148396,-0.00023606403949676,4.991968161448e-05,0.0058656181761213,673240,22406,211,5
10276.018139827,353.07544195709,80.035914134847,-4.0668996232112e-06,9.0259538327643e-06,0.0021056494777827,0.00050978288310274,-0.00015293491092446,-0.0001529348025123,0.00064310286118804,-0.0002010346220829,-0.00023815506943914,5.0663714356198e-05,0.0058492377589738,673240,22406,123,3
10629.093581784,353.07544195709,80.036172457504,-5.1634671170386e-06,4.0737630011368e-06,0.002160642987832,0.00050978454002812,-0.00015293540205635,-0.00015293532556973,0.0006463157939631,-0.00020218696201274,-0.00024021501954832,5.1395910790965e-05,0.0058334334601239,673240,22406,124,3
11158.706744719,529.61316293564,80.036552366779,-6.7688638450397e-06,-3.3390687786556e-06,0.0022419189959448,0.00050978697706471,-0.00015293612405845,-0.00015293609565887,0.00065103834941881,-0.00020388458220253,-0.00024323900986891,5.2469834744022e-05,0.0058103439043926,673240,22406,166,4
11690.96797347,532.26122875032,80.036927014664,-8.3610567553807e-06,-1.0813150159357e-05,0.0023229169286618,0.00050978938068106,-0.0001529368358058,-0.00015293685610976,0.00065569254109559,-0.00020556132574189,-0.0002462155265882,5.3523838134074e-05,0.0057878789038461,673240,22406,131,3
12223.22920222,532.26122875032,80.037294929813,-9.9309452984617e-06,-1.829959002551e-05,0.0024033531050549,0.00050979174139473,-0.00015293753452237,-0.00015293760381688,0.00066026009910054,-0.00020721036960665,-0.0002491331264384,5.4560383317997e-05,0.0057662052420416,673240,22406,170,4
12463.355928134,240.12672591395,80.037459608056,-1.0645896800696e-05,-2.1710400290533e-05,0.0024398984270784,0.00050979279818436,-0.00015293784723053,-0.00015293793884744,0.00066230367379845,-0.00020794886605996,-0.0002504377956321,5.5025261412819e-05,0.0057566282936066,673240,22406,121,3
12703.482654048,240.12672591395,80.037622999184,-1.1355466924001e-05,-2.5120034464159e-05,0.0024763631468238,0.00050979384676328,-0.00015293815744721,-0.00015293827142134,0.00066433065300441,-0.00020868204673885,-0.00025173118837083,5.5487454092313e-05,0.0057471075418494,673240,22406,121,3
13063.672742919,360.19008887092,80.037865281813,-1.2401189361399e-05,-3.0210659148712e-05,0.0025305534944771,0.00050979540169024,-0.00015293861734099,-0.00015293876480794,0.00066733509124359,-0.00020977026032871,-0.00025364681137357,5.6169836517996e-05,0.0057330724435767,673240,22406,125,3
13603.957876225,540.28513330638,80.038222719386,-1.3929769453774e-05,-3.7789890602566e-05,0.0026108702295575,0.00050979769576614,-0.00015293929559629,-0.00015293949316418,0.000671764753159,-0.00021137781872014,-0.00025646802743319,5.7175142345518e-05,0.0057124013148811,673240,22406,133,3
13967.758870737,363.80099451185,80.038460828886,-1.4955822126657e-05,-4.2908472481416e-05,0.0026650501727134,0.0005097992241285,-0.00015293974733724,-0.0001529399787923,0.0006747139512428,-0.00021244946257403,-0.00025834499066981,5.7845575998078e-05,0.0056987251483853,673240,22406,126,3
14331.559865249,363.80099451185,80.038696444295,-1.5969488649901e-05,-4.8013534615872e-05,0.0027190067475031,0.00050980073655543,-0.00015294019425934,-0.00015294045959221,0.00067763084875795,-0.00021351067352534,-0.00026020009252873,5.8507981046335e-05,0.0056852472946106,673240,22406,121,3
14697.179864733,365.61999948441,80.038930809764,-1.697557205241e-05,-5.3127956125656e-05,0.0027729610329155,0.00050980224102435,-0.00015294063872684,-0.00015294093807779,0.00068053085875957,-0.00021456700333392,-0.00026204319120594,5.9163647013696e-05,0.0056719673272425,673240,22406,121,3
15062.799864218,365.61999948441,80.039162833975,-1.7969019949388e-05,-5.822436462827e-05,0.0028267778570289,0.00050980373052223,-0.00015294107867454,-0.00015294141199905,0.00068340049140446,-0.00021561347847132,-0.0002638657730845,5.9816253617186e-05,0.0056588895086081,673240,22406,122,3
15611.229863444,548.42999922662,80.039505822362,-1.9420092437398e-05,-6.5790700374356e-05,0.0029066295296192,0.00050980593239236,-0.0001529417288509,-0.00015294211281135,0.0006876397859507,-0.0002171619921252,-0.00026655570309539,6.077978251546e-05,0.0056397082144435,673240,22406,169,4
16433.874862284,822.64499883992,80.040009712939,-2.1512870456088e-05,-7.69603692626e-05,0.0030246051539251,0.00050980916722873,-0.00015294268368561,-0.00015294314280503,0.00069386188154449,-0.00021944003065921,-0.0002704985101472,6.2192471669206e-05,0.0056116955947531,673240,22406,172,4
17667.842360544,1233.9674982599,80.040743972692,-2.4472402577028e-05,-9.3301865826773e-05,0.0031976912425203,0.00050981388092339,-0.00015294407435446,-0.00015294464427995,0.00070291595787564,-0.00022276526599073,-0.00027622552959593,6.4244421263867e-05,0.0055719692718476,673240,22406,169,4
18224.540010563,556.69765001871,80.041071257879,-2.5808537924403e-05,-0.00010070665498087,0.0032768364226993,0.00050981598224482,-0.00015294469410131,-0.0001529453142768,0.00070694719768236,-0.00022424774371461,-0.00027877348010104,6.5161177268677e-05,0.0055544523714752,673240,22406,136,3
18781.237660582,556.69765001871,80.041394639336,-2.7113668640662e-05,-0.00010804007173538,0.0033556407781264,0.0005098180585061,-0.00015294530632769,-0.00015294597641893,0.00071092749856736,-0.00022571333184054,-0.00028128739096734,6.6067294763872e-05,0.005537360198907,673240,22406,239,6
19616.28413561,835.04647502806,80.041871397643,-2.898366879847e-05,-0.00011882236491204,0.0034724419298966,0.00050982111935958,-0.00015294620863855,-0.00015294695252584,0.00071679034104347,-0.00022787590235147,-0.00028498648049681,6.7409006114239e-05,0.0055123632943434,673240,22406,170,4
20178.56267957,562.27854396014,80.042188926778,-3.021808362199e-05,-0.0001260359023795,0.0035513827616357,0.00050982315798073,-0.0001529468094608,-0.00015294760285676,0.00072069168685369,-0.00022931656526666,-0.00028744637592386,6.8305951361176e-05,0.0054957327309976,673240,22406,138,3
20740.84122353,562.27854396014,80.042503068866,-3.1416584762901e-05,-0.00013316701935765,0.0036300289404325,0.00050982517480221,-0.00015294740373974,-0.00015294824625926,0.00072454870161193,-0.00023074238098017,-0.00028987679582855,6.9193038511165e-05,0.0054793240778253,673240,22406,139,3
21119.451481106,378.61025757556,80.042713135746,-3.2210325815307e-05,-0.00013794323632194,0.0036830724703305,0.00050982652345105,-0.00015294780107056,-0.000152948676566,0.00072712637982369,-0.00023169592571801,-0.0002915004082912,6.9785287631541e-05,0.0054683646983439,673240,22406,122,3
21498.061738681,378.61025757556,80.042921763817,-3.2986567810504e-05,-0.00014267995199182,0.0037360427672664,0.00050982786282658,-0.0001529481956161,-0.00015294910390527,0.00072968519972931,-0.00023264313057701,-0.00029311150584708,7.0377035438185e-05,0.0054575455184976,673240,22406,121,3
22065.977125044,567.91538636335,80.043231566867,-3.4105491935562e-05,-0.00014967715030313,0.0038148754766887,0.00050982985160293,-0.00015294878135291,-0.00015294973831569,0.00073348269867466,-0.00023405022360512,-0.00029550114313521,7.1256844836403e-05,0.0054416408117535,673240,22406,140,3
22636.73208834,570.75496329516,80.043539924166,-3.5187702855896e-05,-0.00015661777825932,0.0038937442250666,0.00050983183099242,-0.0001529493642014,-0.00015295036967336,0.00073725980051909,-0.00023545105997905,-0.00029787664342237,7.2129325797495e-05,0.0054259841350501,673240,22406,141,3
22892.943991363,256.2119030232,80.043677785115,-3.5667787312974e-05,-0.00015972697659047,0.0039293685131502,0.00050983271594614,-0.00015294962474668,-0.00015295065198837,0.000738947596129,-0.00023607727412433,-0.00029893788279359,7.252096645071e-05,0.005418992471892,673240,22406,121,3
23149.155894386,256.2119030232,80.043815070274,-3.6138884823173e-05,-0.00016281693654748,0.0039649216183449,0.00050983359717848,-0.00015294988417125,-0.00015295093309779,0.00074062781075757,-0.00023670092350366,-0.00029999410734448,7.2910011533952e-05,0.0054120494400395,673240,22406,121,3
23533.473748921,384.3178545348,80.044019722206,-3.6823366511824e-05,-0.00016740131424442,0.0040180220338945,0.00050983491076185,-0.00015295027082569,-0.00015295135204437,0.0007431315344535,-0.00023763077947125,-0.00030156746709046,7.349243577575e-05,0.0054017657295415,673240,22406,121,3
24109.950530723,576.4767818022,80.044323946588,-3.7799798818566e-05,-0.00017416504515252,0.0040970518547613,0.00050983686328689,-0.00015295084544116,-0.00015295197458014,0.00074685122947234,-0.00023901340336789,-0.00030390378283886,7.4356998503283e-05,0.0053866213725991,673240,22406,140,3
24689.309696434,579.35916571121,80.044627070414,-3.8732612001714e-05,-0.00018086285257392,0.0041763300481599,0.0005098388085927,-0.00015295141780179,-0.00015295259467639,0.00075055479693429,-0.00024039115649155,-0.00030622884432821,7.5224731581026e-05,0.0053715911187985,673240,22406,141,3
25268.668862145,579.35916571121,80.044927689432,-3.9615815147939e-05,-0.00018745965062384,0.0042553311853198,0.00050984073765651,-0.00015295198525318,-0.00015295320943781,0.00075422510677379,-0.00024175761270888,-0.00030853195109939,7.6082948759156e-05,0.0053567249219048,673240,22406,134,3
25850.924823685,582.25596153976,80.045227393298,-4.0452184199819e-05,-0.00019398566463371,0.0043345309335975,0.00050984266066658,-0.00015295255079283,-0.00015295382208916,0.00075788159437555,-0.00024311996426921,-0.00031082534232175,7.6941799995822e-05,0.0053420293165822,673240,22406,131,3
26241.036317917,390.11149423164,80.045427171054,-4.0990080159543e-05,-0.00019831855611105,0.0043876816217937,0.0005098439424436,-0.00015295292768044,-0.00015295423040031,0.00076031745153776,-0.00024402797751098,-0.00031235268966393,7.7512808924738e-05,0.0053322284186655,673240,22406,121,3
26502.411019052,261.3747011352,80.045560573077,-4.1340100602789e-05,-0.00020120334992679,0.0044233517115972,0.00050984479831918,-0.00015295317930585,-0.00015295450301428,0.00076194333179218,-0.00024463425374132,-0.00031337196205181,7.7894659071333e-05,0.0053256867896782,673240,22406,121,3
26763.785720187,261.3747011352,80.045693523917,-4.1679253689968e-05,-0.00020406626075829,0.0044589667141605,0.00050984565125842,-0.00015295343004172,-0.00015295477464751,0.00076356319055332,-0.00024523848001963,-0.00031438726396451,7.8274189118158e-05,0.0053191581020476,673240,22406,121,3
27155.84777189,392.0620517028,80.045891946065,-4.2162945970417e-05,-0.00020830636115958,0.0045122013580831,0.00050984692412011,-0.00015295380417107,-0.00015295517988087,0.00076597978862315,-0.00024614033195106,-0.00031590151660392,7.8842610593648e-05,0.0053093995314294,673240,22406,121,3
27743.940849444,588.0930775542,80.046187411876,-4.2831805273185e-05,-0.00021454445556977,0.0045915000649313,0.00050984881926595,-0.00015295436109574,-0.00015295578292023,0.00076957614433845,-0.00024748340462251,-0.00031815406446596,7.968686022656e-05,0.0052949597749148,673240,22406,355,11
28332.033926998,588.0930775542,80.046480844022,-4.3443324815696e-05,-0.00022066910504408,0.0046706604638812,0.00050985070113217,-0.00015295491398599,-0.0001529563814606,0.00077314513911594,-0.00024881717151477,-0.00032038856191558,8.0526751877388e-05,0.0052805990402917,673240,22406,132,3
29214.17354333,882.1396163313,80.046916606907,-4.4229762834987e-05,-0.00022957865131326,0.0047882805588991,0.00050985349521931,-0.00015295573463847,-0.00015295726937449,0.00077844056490764,-0.00025079810887789,-0.0003237019648234,8.1771432379114e-05,0.0052594571526143,673240,22406,184,4
29612.14597947,397.97243613998,80.047112422869,-4.4554876562331e-05,-0.00023355651198888,0.0048417774669131,0.00050985475067698,-0.00015295610327888,-0.00015295766826057,0.00078081816328518,-0.00025168791492845,-0.0003251892692192,8.2332422281595e-05,0.0052499608078622,673240,22406,121,3
29878.787511683,266.64153221378,80.047243262254,-4.4759566886798e-05,-0.0002361990563869,0.0048776770458903,0.00050985558948943,-0.00015295634954475,-0.0001529579347125,0.00078240615348013,-0.00025228238413284,-0.00032618246411511,8.2707336507887e-05,0.0052436293806775,673240,22406,119,3
30145.429043897,266.64153221378,80.0473737401,-4.4951407952226e-05,-0.00023881661460678,0.0049135265898247,0.0005098564259268,-0.00015295659508569,-0.000152958200339,0.00078398924404888,-0.0002528751888751,-0.00032717242467167,8.307998007667e-05,0.0052373207522999,673240,22406,119,3
30413.403783772,267.97473987485,80.047504512628,-4.5131085736433e-05,-0.00024142181246897,0.0049495187013177,0.00050985726419425,-0.00015295684113586,-0.00015295846647309,0.0007855753968723,-0.00025346930983833,-0.00032816413044867,8.3452873987871e-05,0.0052309994548787,673240,22406,119,3
30681.378523647,267.97473987485,80.047634935003,-4.529747438597e-05,-0.00024400139229724,0.0049854611561336,0.00050985810015709,-0.00015295708648126,-0.00015295873180032,0.00078715679028324,-0.00025406181576616,-0.00032915269264158,8.382366567571e-05,0.0052247105854935,673240,22406,119,3
31083.340633459,401.96210981228,80.047829785379,-4.5517832859759e-05,-0.00024781016937431,0.0050392276585283,0.00050985934894127,-0.00015295745293246,-0.00015295912796454,0.00078951845965221,-0.00025494704500946,-0.00033062864659847,8.4380496670615e-05,0.005215334837277,673240,22406,119,3
31487.312553821,403.97192036134,80.048024861218,-4.5708141835213e-05,-0.00025157891253566,0.005093154488103,0.0005098605990276,-0.00015295781969958,-0.00015295952436201,0.00079188170980084,-0.00025583323806322,-0.0003321052167716,8.4935116497186e-05,0.0052059406556194,673240,22406,119,3
31891.284474182,403.97192036134,80.048219212097,-4.5866708097797e-05,-0.00025528806483091,0.0051470186000822,0.00050986184432184,-0.00015295818499311,-0.0001529599190553,0.00079423502979483,-0.00025671607348395,-0.00033357521603744,8.5487673659309e-05,0.0051966138936672,673240,22406,119,3
32497.242354724,605.95788054201,80.048509137414,-4.6034980429436e-05,-0.00026071253891225,0.0052274198461898,0.00050986370166669,-0.00015295872969709,-0.00015296050728197,0.00079774356040679,-0.0002580330965925,-0.00033576599912666,8.6313756510704e-05,0.0051827620082908,673240,22406,132,3
33106.230024669,608.98766994472,80.04879901132,-4.612829377723e-05,-0.00026602663635426,0.0053080421626985,0.00050986555832993,-0.0001529592740363,-0.0001529610948506,0.00080124889954394,-0.00025934972846298,-0.00033795398163794,8.71360807064e-05,0.0051689035578485,673240,22406,132,3
33715.217694613,608.98766994472,80.049087456993,-4.6143537074868e-05,-0.00027120207103484,0.0053885624404255,0.00050986740548201,-0.0001529598154141,-0.0001529616789561,0.00080473441524054,-0.00026065970890527,-0.00034012879522346,8.795442111575e-05,0.0051551020138698,673240,22406,132,3
34628.69919953,913.48150491708,80.049517034343,-4.5995806417385e-05,-0.00027864777374038,0.0055083261832333,0.00050987015558865,-0.00015296062109412,-0.00015296254751169,0.00080992076179655,-0.00026261069893006,-0.00034336307588366,8.9166551203015e-05,0.0051347635041718,673240,22406,265,6
35546.748111972,918.04891244167,80.049945953403,-4.5656319479728e-05,-0.00028581460177503,0.0056282860887166,0.00050987290060305,-0.00015296142482777,-0.00015296341339953,0.00081509346450139,-0.00026455831730815,-0.00034658708481749,9.0368147523334e-05,0.0051146108870874,673240,22406,147,3
36161.840883308,615.09277133592,80.050232203538,-4.5330742399359e-05,-0.00029047470190623,0.0057090841636879,0.00050987473213485,-0.00015296196082416,-0.0001529639906786,0.00081854231162272,-0.00026585764582077,-0.00034873588516986,9.1177046590611e-05,0.0051012056589643,673240,22406,131,3
36776.933654644,615.09277133592,80.050517327789,-4.4914138575855e-05,-0.00029499248531587,0.0057898053004723,0.00050987655604953,-0.00015296249436134,-0.00015296456507376,0.00082197509327728,-0.00026715169846787,-0.00035087389819498,9.1984099005551e-05,0.0050879472038819,673240,22406,131,3
37395.101889837,618.1682351926,80.05080280098,-4.4401305827984e-05,-0.0002993899853797,0.0058708199882709,0.00050987838177304,-0.00015296302818219,-0.00015296513955342,0.00082540957037735,-0.00026844717403111,-0.00035301218230882,9.279124527708e-05,0.0050747555576165,673240,22406,131,3
38013.270125029,618.1682351926,80.051087257395,-4.3791980417637e-05,-0.00030364573809076,0.0059517038438179,0.00050988020056504,-0.00015296355971642,-0.00015296571137174,0.0008288293111297,-0.00026973787580334,-0.00035514050584948,9.3591787187278e-05,0.0050616035181956,673240,22406,131,3
38634.529201398,621.25907636856,80.051372166774,-4.3080078244368e-05,-0.00030778105896663,0.0060328756013238,0.00050988202181602,-0.00015296409169295,-0.00015296628348451,0.00083225198325501,-0.00027103047941219,-0.00035726985720425,9.4391759706857e-05,0.0050484857394295,673240,22406,131,3
39255.788277766,621.25907636856,80.051656164118,-4.2266470280263e-05,-0.00031177627002691,0.0061140668795917,0.00050988383679579,-0.00015296462154665,-0.00015296685315646,0.00083566118100026,-0.00027231879415864,-0.00035939002474895,9.519506089633e-05,0.0050354611954451,673240,22406,131,3
39536.065893145,280.27761537876,80.051784140814,-4.1871813717765e-05,-0.00031354863657115,0.0061508531878213,0.00050988465456656,-0.00015296486018769,-0.000152967109741,0.00083719655298247,-0.0002728991612192,-0.0003603447071254,9.5555869901705e-05,0.0050295999938463,673240,22406,118,3
39816.343508524,280.27761537876,80.051911943249,-4.1456011964799e-05,-0.00031529279487278,0.0061876273492856,0.00050988547113307,-0.00015296509841496,-0.00015296736585329,0.00083872932911627,-0.00027347871012571,-0.00036129761212575,9.5917104500291e-05,0.0050237421799525,673240,22406,118,3
40236.759931592,420.41642306813,80.052103250815,-4.0788417669925e-05,-0.0003178474917636,0.0062427002800969,0.00050988669325852,-0.00015296545483704,-0.00015296774895676,0.00084102284152075,-0.0002743462684442,-0.00036272308361183,9.6458539558739e-05,0.0050149936414407,673240,22406,109,3
40867.384566194,630.6246346022,80.052389372304,-3.9686660327691e-05,-0.00032154296659076,0.0063248948735373,0.00050988852064454,-0.00015296598748702,-0.00015296832132904,0.000844450986406,-0.000275643868592,-0.00036485290598553,9.7264151403573e-05,0.0050020107549326,673240,22406,139,3
41501.162323969,633.77775777521,80.052676175551,-3.846630145273e-05,-0.00032511777285412,0.0064074132161952,0.00050989035191576,-0.00015296652091487,-0.00015296889446209,0.00084788466655269,-0.00027694442738058,-0.00036698530263332,9.8070480066179e-05,0.0049890393616904,673240,22406,138,3
42134.940081745,633.77775777521,80.052962284272,-3.7130833213468e-05,-0.00032855497128462,0.0064898348747425,0.00050989217828034,-0.00015296705254537,-0.00015296946561148,0.00085130737781834,-0.00027824170657885,-0.000369110011116,9.8872969309189e-05,0.0049761502355983,673240,22406,140,3
43085.606718407,950.66663666282,80.053389944435,-3.4887514551128e-05,-0.00033341343262449,0.0066126429913232,0.00050989490722751,-0.00015296784615806,-0.00015297031802872,0.00085641864964207,-0.00028018101170674,-0.00037228089489459,0.0001000646364088,0.0049569027597281,673240,22406,149,3
43725.738098204,640.13137979691,80.053677400657,-3.3238096748383e-05,-0.00033654053112939,0.0066956619356324,0.00050989674098245,-0.00015296837895627,-0.0001529708903777,0.00085985066163111,-0.00028148409696336,-0.00037440909301927,0.00010086517019744,0.0049439886210902,673240,22406,135,3
44365.869478001,640.13137979691,80.053964330609,-3.1464861261445e-05,-0.00033953069242787,0.0067786270493511,0.0005098985708871,-0.00015296891022189,-0.00015297146108546,0.00086327362785911,-0.00028278468996792,-0.00037653073831144,0.00010166326643787,0.0049311444612326,673240,22406,170,4
45009.201514697,643.33203669589,80.054252213644,-2.9556049488209e-05,-0.00034239790983787,0.0068619248890567,0.00050990040636835,-0.00015296944268006,-0.00015297203309037,0.00086670516086683,-0.00028408950659596,-0.00037865672367295,0.00010246012047301,0.0049182066810981,673240,22406,135,3
45652.533551393,643.33203669589,80.054539665307,-2.7518455455724e-05,-0.00034512702238391,0.0069452178561509,0.00050990223859204,-0.00015296997375759,-0.00015297260363744,0.00087012872077502,-0.00028539227748368,-0.00038077678209432,0.00010325662087799,0.0049053389777347,673240,22406,135,3
46299.082248272,646.54869687937,80.054828166907,-2.5338869131332e-05,-0.00034772994381406,0.0070288604475634,0.00050990407699077,-0.00015297050617808,-0.00015297317565831,0.00087356191501862,-0.00028669972872191,-0.00038290179114233,0.00010405191625242,0.0048924344884475,673240,22406,135,3
46945.630945152,646.54869687937,80.0551163299,-2.3025396996091e-05,-0.00035019235384745,0.0071124918478423,0.00050990591270844,-0.00015297103736727,-0.00015297374639302,0.00087698818266598,-0.00028800557483943,-0.0003850214788784,0.00010484509522533,0.0048795667354912,673240,22406,141,3
47237.317833731,291.6868885793,80.055246306367,-2.1944065362008e-05,-0.00035126978860026,0.0071503912224045,0.00050990674057658,-0.00015297127678369,-0.00015297400368458,0.0008785325737551,-0.00028859439394295,-0.00038597671970384,0.0001052013553205,0.0048737700016866,673240,22406,118,3
47529.00472231,291.6868885793,80.055376223697,-2.0835169897898e-05,-0.00035231868961266,0.0071882833316865,0.00050990756796086,-0.00015297151596606,-0.00015297426073406,0.00088007567580408,-0.00028918293522768,-0.00038693094931567,0.0001055566866389,0.004867985907453,673240,22406,118,3
47966.535055179,437.53033286894,80.055570957188,-1.9115644057195e-05,-0.00035383059791219,0.0072450045157008,0.00050990880790484,-0.00015297187422689,-0.00015297464575198,0.00088238758259248,-0.00029006518839163,-0.00038836010627488,0.00010608845931813,0.0048593176460218,673240,22406,108,3
48261.146104817,294.6110496373,80.055702046496,-1.792495610181e-05,-0.00035481716476674,0.007283293376304,0.00050990964247855,-0.00015297211524685,-0.00015297490480017,0.00088394310915297,-0.00029065901842345,-0.000389321468298,0.0001064469835057,0.0048534926527317,673240,22406,118,3
48555.757154454,294.6110496373,80.055833090495,-1.6705549502978e-05,-0.00035577436461961,0.0073216015247771,0.00050991047665267,-0.00015297235605343,-0.00015297516362961,0.0008854974943691,-0.00029125263710183,-0.00039028190029764,0.00010680603260683,0.0048476898613112,673240,22406,118,3
48997.67372891,441.91657445595,80.056029544117,-1.4817974790188e-05,-0.00035714708692415,0.0073789121647576,0.00050991172696583,-0.00015297271679671,-0.00015297555136898,0.00088782665706199,-0.00029214265580789,-0.00039172054245396,0.00010734112714626,0.0048390188165448,673240,22406,108,3
49660.548590594,662.87486168393,80.056324013959,-1.185330949904e-05,-0.00035906310595106,0.0074645464309817,0.00050991360056614,-0.00015297325693354,-0.00015297613191911,0.00089131544421714,-0.00029347696505552,-0.00039387426744813,0.00010813630466977,0.0048261086698101,673240,22406,132,3
50326.737826586,666.18923599235,80.056619841871,-8.7222410652116e-06,-0.00036083602778401,0.0075506089975042,0.00050991548222517,-0.00015297379887894,-0.00015297671447081,0.00089481719024258,-0.00029481743431122,-0.00039603478705594,0.00010893143590128,0.0048132202913754,673240,22406,235,4
50992.927062578,666.18923599235,80.056915600124,-5.4378491965573e-06,-0.0003624563337999,0.007636732510317,0.00050991736285591,-0.00015297434000628,-0.00015297729621029,0.00089831497436658,-0.00029615761274942,-0.00039819163497783,0.00010972492126578,0.0048004146721065,673240,22406,132,3
51441.505584634,448.57852205545,80.057114768249,-3.145741276747e-06,-0.00036347295609013,0.0076949347626454,0.00050991862900547,-0.00015297470404031,-0.00015297768764146,0.00090066858415714,-0.00029705995971593,-0.00039964238711751,0.00011025887308341,0.0047918406883421,673240,22406,129,3
51890.084106689,448.57852205545,80.057313931935,-7.8355613459045e-07,-0.00036442129023173,0.007753178155332,0.00050991989486235,-0.00015297506775,-0.00015297807876308,0.00090302073376152,-0.00029796231702557,-0.00040109166838667,0.00011079261580454,0.0047833307244998,673240,22406,129,3
52340.905521355,450.82141466573,80.057514099187,1.6613477510614e-06,-0.00036530584694143,0.0078117535123095,0.00050992116683144,-0.00015297543297232,-0.00015297847155419,0.00090538332065691,-0.00029886926178078,-0.0004025467965712,0.0001113284350305,0.004774819781639,673240,22406,130,3
52791.726936021,450.82141466573,80.057714286812,4.177507311325e-06,-0.00036612235511623,0.0078702445743767,0.00050992243866412,-0.00015297579790974,-0.00015297886408695,0.00090774473242035,-0.00029977634641845,-0.00040400060933447,0.00011185616633995,0.0047663600686758,673240,22406,131,3
53244.80245776,453.07552173906,80.057915507645,6.7782891470501e-06,-0.00036687491027131,0.0079291856867634,0.00050992371679383,-0.00015297616440466,-0.00015297925834835,0.00091011691163991,-0.0003006881720165,-0.00040546044558259,0.00011239285766206,0.0047579243748832,673240,22406,131,3
53548.363057325,303.56059956517,80.05805036157,8.5584596588857e-06,-0.00036734607788079,0.0079687669379649,0.00050992457323475,-0.00015297640984833,-0.00015297952243367,0.00091170585156353,-0.00030129920626355,-0.00040643800434724,0.00011275158518002,0.004752303096848,673240,22406,108,3
53851.92365689,303.56059956517,80.058185237593,1.0370969571433e-05,-0.00036778740884978,0.008008335445666,0.00050992542969761,-0.00015297665518526,-0.00015297978643298,0.00091329441955462,-0.00030191037403814,-0.00040741505743711,0.00011310791972778,0.0047467005527137,673240,22406,108,3
54307.264556238,455.34089934775,80.058387585378,1.3154509100016e-05,-0.00036838730978147,0.0080676279840228,0.00050992671436445,-0.00015297702296122,-0.00015298018222469,0.00091567656541092,-0.00030282748654536,-0.00040887956968702,0.00011364286225314,0.0047383601653767,673240,22406,132,3
54990.27590526,683.01134902163,80.058691217176,1.7475866397695e-05,-0.00036914979260919,0.0081563719390046,0.00050992864152454,-0.00015297757416782,-0.00015298077552678,0.00091924859523739,-0.0003042041477552,-0.00041107415565226,0.00011444275385315,0.0047259775607303,673240,22406,146,3
56014.792928792,1024.5170235324,80.059147022089,2.4285816333029e-05,-0.00036999449625729,0.008289028237354,0.00050993153334199,-0.00015297840014307,-0.00015298166488451,0.00092460525820456,-0.00030627195969033,-0.00041436183019982,0.00011563568750952,0.0047076615445375,673240,22406,233,4
56476.998149115,462.20522032303,80.059352872977,2.7463801301197e-05,-0.00037029635829293,0.0083493025868122,0.00050993283899837,-0.00015297877266996,-0.00015298206622543,0.0009270217750284,-0.00030720547999727,-0.00041584429492815,0.00011617327748178,0.0046994532129812,673240,22406,151,3
56786.675646731,309.67749761643,80.059490866511,2.9631610436022e-05,-0.0003704686094277,0.0083898691693731,0.00050993371412491,-0.00015297902221503,-0.00015298233514679,0.00092864084481938,-0.0003078312514163,-0.00041683723663999,0.00011653301161818,0.0046939708094701,673240,22406,108,3
56994.159570134,207.48392340301,80.059583356002,3.1101201976055e-05,-0.00037057092861913,0.008417097420113,0.00050993430061733,-0.00015297918939057,-0.00015298251533815,0.00092972563679184,-0.00030825066494622,-0.00041750237595702,0.00011677392982883,0.0046903066742596,673240,22406,117,3
57201.643493537,207.48392340301,80.059675871788,3.2585221078157e-05,-0.00037066181285027,0.0084443630758872,0.0005099348872278,-0.00015297935654631,-0.00015298269553449,0.00093081045799892,-0.00030867023204279,-0.00041816739080913,0.00011701582988705,0.0046866564500226,673240,22406,117,3
57512.869378642,311.22588510451,80.059814694519,3.4839607405048e-05,-0.00037077497198467,0.0084852282301038,0.00050993576735751,-0.0001529796072373,-0.00015298296582936,0.00093243779126216,-0.00030929994559468,-0.00041916465137665,0.0001173783865577,0.0046812161102689,673240,22406,114,3
57979.708206299,466.83882765677,80.060023048208,3.8284701500475e-05,-0.00037089389587945,0.0085464342163938,0.00050993708809532,-0.00015297998319485,-0.00015298337129789,0.00093487912256363,-0.00031024538155775,-0.00042066000740329,0.00011792033330099,0.0046731072135039,673240,22406,158,3
58679.966447784,700.25824148515,80.060335878177,4.3594076906017e-05,-0.00037096234464458,0.0086380243181505,0.00050993907062839,-0.00015298054701066,-0.00015298397964345,0.0009385422062916,-0.00031166564592333,-0.00042290201639398,0.00011872869903816,0.0046610763983125,673240,22406,150,3
59730.353810012,1050.3873622277,80.06080589709,5.1872453278482e-05,-0.00037083168985302,0.0087749969752936,0.00050994204831122,-0.00015298139265711,-0.00015298489275511,0.0009440403909958,-0.0003138013282157,-0.00042626329988111,0.00011993459498882,0.0046432150058383,673240,22406,243,4
61305.934853353,1575.5810433416,80.061512993445,6.4982024852646e-05,-0.00037015153472643,0.008979351122692,0.00050994652575986,-0.00015298266159585,-0.00015298626461258,0.00095229924211449,-0.00031701849958169,-0.00043130314298137,0.00012172196492345,0.0046169637305286,673240,22406,186,4
62016.749575361,710.81472200782,80.061832783899,7.11272358929e-05,-0.00036970922265196,0.0090726429563394,0.00050994855005411,-0.00015298323436412,-0.00015298688460231,0.00095602807019198,-0.00031847292058198,-0.00043357671852233,0.00012252545919734,0.0046051686331757,673240,22406,164,3
62492.995439106,476.24586374524,80.062047338945,7.532398901073e-05,-0.00036936715333893,0.0091353593414959,0.00050994990797385,-0.00015298361826464,-0.0001529873004206,0.00095852783599408,-0.00031944881458286,-0.0004351000321226,0.00012306123526439,0.0045973043146243,673240,22406,168,3
62812.080167816,319.08472870931,80.062191226514,7.8170802824705e-05,-0.00036911838372533,0.0091775279850401,0.00050995081854005,-0.00015298387555182,-0.00015298757922025,0.00096020336996127,-0.00032010332629345,-0.00043612067989984,0.00012342216549017,0.0045920403939591,673240,22406,116,3
63131.164896525,319.08472870931,80.062335231482,8.1045621969315e-05,-0.00036885403235626,0.0092197216163769,0.00050995172977073,-0.00015298413291473,-0.00015298785819849,0.00096187963137638,-0.00032075852085567,-0.0004371413718632,0.00012378301590278,0.0045867979414724,673240,22406,116,3
63609.791989589,478.62709306397,80.062551480061,8.5411002466465e-05,-0.0003684278052371,0.0092828735483874,0.00050995309799428,-0.00015298451913805,-0.00015298827703901,0.00096439575201355,-0.00032174290004766,-0.00043867255014867,0.00012432020045028,0.0045789680270469,673240,22406,149,3
64090.812218118,481.02022852929,80.062769096381,8.986143624283e-05,-0.00036796495278565,0.0093463686441641,0.00050995447469705,-0.00015298490750314,-0.00015298869842228,0.00096692629544041,-0.00032273385354033,-0.00044021157312845,0.00012485840674566,0.0045711511726965,673240,22406,148,3
64571.832446647,481.02022852929,80.062987010338,9.4374825778194e-05,-0.000367468110028,0.0094099641550942,0.00050995585311034,-0.00015298529610091,-0.00015298912027808,0.00096945878684074,-0.00032372651559752,-0.00044175083451187,0.00012539913359194,0.0045633613900985,673240,22406,148,3
65055.257776319,483.42532967193,80.063206325041,9.8974060808711e-05,-0.00036693490070906,0.0094738384757375,0.00050995724021205,-0.00015298568689797,-0.00015298954474287,0.00097200601591477,-0.0003247259242525,-0.00044329808309106,0.00012593716772979,0.0045555682019508,673240,22406,147,3
65538.683105991,483.42532967193,80.063425962805,0.00010363672707414,-0.0003663677788125,0.0095377935527158,0.00050995862918548,-0.00015298607797313,-0.00015298996973018,0.00097455542867172,-0.00032572717435998,-0.00044484567282956,0.000126476843702,0.0045478043096329,673240,22406,146,3
66263.821100499,725.1379945079,80.063756106433,0.00011075432951165,-0.00036544908863184,0.0096334007234397,0.00050996071665516,-0.00015298666524123,-0.00015299060832686,0.00097838478209081,-0.00032723337308863,-0.00044716796591511,0.00012727768998778,0.0045362469437178,673240,22406,166,3
66752.092769101,488.2716686019,80.063978820503,0.00011562876751983,-0.00036478616243189,0.0096979725497021,0.00050996212463517,-0.00015298706102888,-0.0001529910389869,0.00098096577838436,-0.00032824959452899,-0.00044873215923599,0.00012781455014809,0.0045284775916403,673240,22406,146,3
67240.364437703,488.2716686019,80.064201907659,0.00012057014327737,-0.00036408659632076,0.0097626474600428,0.0005099635347936,-0.00015298745717309,-0.00015299147025438,0.00098354940499645,-0.00032926791084386,-0.00045029688678646,0.00012835478601052,0.0045207420677654,673240,22406,146,3
67731.077464648,490.71302694491,80.06442650015,0.00012560495728644,-0.00036334538403209,0.0098276667623964,0.00050996495428203,-0.00015298785567817,-0.00015299190431157,0.00098614872688029,-0.00033029349929608,-0.00045187003329192,0.00012889653245939,0.0045130239352434,673240,22406,147,3
68221.790491593,490.71302694491,80.064651497203,0.0001307102248788,-0.00036256452385525,0.0098927165176601,0.0005099663761369,-0.0001529882545833,-0.0001529923390239,0.00098875094905059,-0.00033132133416929,-0.00045344383235161,0.00012943757359525,0.0045053562256784,673240,22406,149,3
68957.86003201,736.06954041736,80.064989866479,0.00013851064824175,-0.0003613097010194,0.0099900634145654,0.0005099685140522,-0.00015298885386233,-0.00015299299250216,0.00099266118220092,-0.00033286834754163,-0.00045580616697158,0.00013024688860577,0.0044939519814177,673240,22406,208,4
69697.60992013,739.74988811944,80.065330944967,0.00014652673613014,-0.00035994437222247,0.01008792918819,0.00050997066860037,-0.00015298945715568,-0.0001529936508655,0.00099659837154044,-0.00033442863524823,-0.00045818217571302,0.00013105706454889,0.0044825604195451,673240,22406,158,3
70193.24234517,495.63242504003,80.065560000141,0.00015199542185346,-0.00035897236644401,0.010153739417898,0.00050997211524347,-0.00015298986186567,-0.00015299409280914,0.00099923977486551,-0.00033547659564646,-0.0004597750186504,0.00013160073861358,0.0044749663330657,673240,22406,149,3
70688.87477021,495.63242504003,80.065789547032,0.00015754767491803,-0.00035795073523845,0.010219583385127,0.00050997356476401,-0.0001529902670778,-0.00015299453553597,0.0010018848199525,-0.00033652720871795,-0.00046136884908427,0.0001321434679782,0.0044673916985406,673240,22406,149,3
71022.60886361,333.7340934007,80.06594436721,0.00016133258460211,-0.00035723563673515,0.010263988124528,0.00050997454228105,-0.00015299054017126,-0.00015299483404825,0.0010036675605768,-0.00033723586532048,-0.00046244252719473,0.00013250683212539,0.0044622997551151,673240,22406,118,3
71356.342957011,333.7340934007,80.06609942144,0.00016515686903254,-0.00035649713969857,0.010308401823202,0.00050997552116893,-0.00015299081350587,-0.00015299513293396,0.0010054520519401,-0.00033794577654261,-0.0004635167006684,0.00013286945007459,0.0044572269617466,673240,22406,118,3
71856.944097112,500.60114010105,80.06633250591,0.00017097349205038,-0.00035534078303418,0.010374894444067,0.00050997699245922,-0.00015299122405125,-0.00015299558206754,0.0010081328675949,-0.00033901354197329,-0.00046512913928118,0.00013341063293786,0.0044496781927936,673240,22406,154,3
72360.048242914,503.10414580156,80.066567323581,0.00017691586402946,-0.00035412052560578,0.010441803021436,0.00050997847442662,-0.00015299163722963,-0.00015299603434624,0.0010108313575668,-0.0003400896500304,-0.00046675090468566,0.00013395692385333,0.0044421420769012,673240,22406,159,3
72863.152388715,503.10414580156,80.066802728938,0.00018295843903267,-0.00035283996667518,0.010508743199315,0.00050997995983055,-0.00015299205100798,-0.00015299648755529,0.0010135342825071,-0.00034116884763528,-0.00046837401360455,0.00013450224035332,0.0044346358668047,673240,22406,156,3
73617.808607418,754.65621870234,80.067157124159,0.00019223152614712,-0.00035079083887222,0.01060896454061,0.00050998219549015,-0.00015299267304758,-0.00015299716941111,0.0010175991541414,-0.0003427948662629,-0.00047081193484709,0.00013531857988563,0.0044234597061504,673240,22406,194,4
74376.238107213,758.42949979585,80.0675147538,0.00020180202412518,-0.00034857968804069,0.010709756052557,0.00050998445087324,-0.00015299329968286,-0.00015299785698366,0.0010216955124148,-0.00034443660277968,-0.00047326561542845,0.00013613628683094,0.0044123018509327,673240,22406,192,4
75134.667607009,758.42949979585,80.067873914266,0.00021163431253468,-0.00034621114035394,0.010810646699072,0.00050998671520582,-0.00015299392787659,-0.00015299854697907,0.0010258036365793,-0.00034608624337818,-0.00047572315285095,0.00013695228163622,0.0044012370768676,673240,22406,192,4
75896.889254304,762.22164729483,80.06823648259,0.00022178968643366,-0.00034366680338253,0.010912170941833,0.00050998900029124,-0.00015299456086019,-0.00015299924298399,0.0010299448034277,-0.00034775244135836,-0.0004781971656223,0.00013777239449842,0.0043902005474823,673240,22406,171,4
76407.577757992,510.68850368754,80.068480220032,0.00022874060332555,-0.00034187661934176,0.010980417174228,0.00050999053605629,-0.0001529949857479,-0.00015299971060389,0.0010327252110677,-0.00034887263214848,-0.0004798567392147,0.00013832102661852,0.0043828557193303,673240,22406,167,3
76749.739055462,342.16129747065,80.068643897844,0.00023346440613542,-0.00034063874389482,0.011026247148816,0.00050999156719838,-0.0001529952707855,-0.00015300002450585,0.001034590767351,-0.00034962491883696,-0.00048096957660706,0.00013868832917657,0.00437795593059,673240,22406,115,3
77091.900352933,342.16129747065,80.068807923772,0.00023824609581551,-0.00033936714108693,0.011072089686619,0.00050999260038271,-0.00015299555618404,-0.0001530003389688,0.0010364590702136,-0.00035037900008889,-0.00048208336489487,0.00013905460788019,0.0043730762328917,673240,22406,115,3
77435.772456891,343.872103958,80.068973127245,0.00024311087522542,-0.00033805462579088,0.0111181985549,0.00050999364083038,-0.0001529958433816,-0.00015300065558001,0.0010383395457233,-0.00035113869482391,-0.00048320370903066,0.00013942303270682,0.004368176045962,673240,22406,115,3
77666.166766543,230.39430965186,80.06908399091,0.00024640163001467,-0.00033715730351769,0.011149105131319,0.00050999433896568,-0.0001529960359774,-0.00015300086799405,0.0010396007525343,-0.00035164852605921,-0.0004839547914809,0.00013966851598983,0.0043648992568818,673240,22406,108,3
77896.561076195,230.39430965186,80.069195018969,0.00024971943296784,-0.00033624424060199,0.011180067360745,0.00050999503806632,-0.00015299622874513,-0.00015300108067364,0.001040863268532,-0.00035215920512211,-0.00048470633476237,0.00013991517084519,0.0043616300834476,673240,22406,108,3
78242.152540672,345.59146447779,80.069361914034,0.00025475092276086,-0.0003348420203237,0.01122644268206,0.0005099960887985,-0.0001529965182846,-0.00015300140026438,0.0010427600431721,-0.00035292716232377,-0.00048583471059886,0.00014028253196546,0.0043567502554343,673240,22406,115,3
78760.539737389,518.38719671669,80.069613068572,0.00026242427893874,-0.00033266240312616,0.011296012225577,0.00050999766968159,-0.00015299695348772,-0.00015300188095706,0.0010456121225183,-0.00035408355029497,-0.00048752973698652,0.00014083671820772,0.004349456195969,673240,22406,151,3
79109.595756298,349.05601890918,80.069782615987,0.00026766650451112,-0.00033115075215396,0.011342988824041,0.00050999873669593,-0.0001529972469622,-0.00015300220532165,0.0010475357675841,-0.0003548642520949,-0.00048867223107715,0.00014121061577903,0.0043445482020856,673240,22406,114,3
79458.651775208,349.05601890918,80.069952567412,0.00027297435573552,-0.00032959994978115,0.011389999705571,0.00050999980608338,-0.0001529975408655,-0.00015300253033427,0.0010494626780908,-0.0003556470406646,-0.00048981590254262,0.00014158446757107,0.0043396606951083,673240,22406,114,3
79982.235803571,523.58402836377,80.070208367704,0.00028106969779095,-0.00032719090301557,0.01146041206827,0.00051000141531252,-0.00015299798269645,-0.0001530030192492,0.0010523605750255,-0.00035682602228457,-0.00049153413937403,0.00014214128053901,0.0043323199085368,673240,22406,147,3
80508.437752077,526.20194850559,80.070466402158,0.00028935898595664,-0.00032467529145789,0.01153121613438,0.00051000303819777,-0.0001529984277648,-0.00015300351212506,0.001055280762778,-0.00035801584822515,-0.00049326381624497,0.00014269830455847,0.0043249529123334,673240,22406,232,5
81034.639700583,526.20194850559,80.070725411393,0.0002978043099173,-0.00032206254286521,0.01160195233125,0.00051000466680804,-0.00015299887388755,-0.00015300400654302,0.0010582089584156,-0.00035921073580487,-0.00049499643623326,0.00014324708185161,0.0043175820482798,673240,22406,127,3
81823.942623341,789.30292275839,80.071116049321,0.0003107915260912,-0.00031793382863751,0.011708120627513,0.00051000712224211,-0.00015299954549759,-0.00015300475150371,0.0010626198817104,-0.00036101479934458,-0.00049760225712505,0.00014407444174385,0.0043065473187576,673240,22406,192,4
82355.41974638,531.47712303936,80.071380212785,0.00031972704005734,-0.00031503509791129,0.01177995966563,0.00051000878219874,-0.00015299999889341,-0.00015300525488564,0.0010655986577194,-0.00036223500271231,-0.00049936012658737,0.00014463624149052,0.0042991454841845,673240,22406,123,3
82886.89686942,531.47712303936,80.071645437115,0.00032882850371352,-0.00031202823060351,0.011851928331495,0.00051001044838874,-0.000153000453466,-0.00015300575992303,0.0010685863427253,-0.00036346077311108,-0.00050112133461454,0.00014519880140827,0.0042917768521969,673240,22406,125,3
83684.112553979,797.21568455904,80.072045582561,0.00034282151947603,-0.00030728416329478,0.011959710254775,0.00051001296128251,-0.00015300113801274,-0.00015300652105342,0.0010730885402166,-0.00036531230745663,-0.00050377093054362,0.00014603522074958,0.0042807732281381,673240,22406,167,4
84485.314316961,801.20176298184,80.072450259232,0.00035727892111908,-0.00030225134535491,0.012068263766593,0.00051001550159846,-0.00015300182881175,-0.00015300728989039,0.0010776348258718,-0.00036718648214629,-0.0005064419608292,0.00014687388318341,0.0042697408405745,673240,22406,170,4
85286.516079942,801.20176298184,80.072857532619,0.00037213985431643,-0.00029694547330851,0.012177099870938,0.00051001805716118,-0.00015300252252414,-0.00015300806272112,0.0010822034155267,-0.00036907443717904,-0.00050912150643176,0.00014771294441546,0.0042587922764055,673240,22406,175,4
85826.005287046,539.48920710382,80.073133065103,0.00038236127573469,-0.00029323333318314,0.01225062383575,0.00051001978552051,-0.000153002991008,-0.00015300858510348,0.0010852900459491,-0.00037035207343296,-0.0005109297631071,0.00014827371331199,0.0042514404201649,673240,22406,130,3
86365.49449415,539.48920710382,80.073409817019,0.00039277096104025,-0.00028939415082004,0.012324329266617,0.00051002152104443,-0.0001530034608656,-0.00015300910936653,0.0010883872855443,-0.00037163622806387,-0.00051274210666817,0.00014883633316688,0.0042440636661747,673240,22406,132,3
86907.681147289,542.18665313934,80.073689203872,0.00040342600180481,-0.00028540578269226,0.012398548654762,0.00051002327259749,-0.00015300393448041,-0.00015300963818309,0.0010915109502215,-0.00037293350975104,-0.00051456774053644,0.00014940103854838,0.0042366659350853,673240,22406,135,3
87449.867800429,542.18665313934,80.073969863677,0.00041427824012021,-0.00028128571512727,0.01247283051631,0.00051002503163006,-0.00015300440952324,-0.00015301016897,0.0010946457773226,-0.00037423762029688,-0.00051639770388885,0.00014996181942337,0.0042292521933658,673240,22406,142,3
87814.94918332,365.08138289137,80.074159476425,0.00042168988432163,-0.00027844492473975,0.012523075920706,0.00051002621976393,-0.00015300473006093,-0.00015301052735553,0.0010967617508356,-0.00037511887799423,-0.00051763191049387,0.00015034237302351,0.0042242659417786,673240,22406,119,3
88180.030566211,365.08138289137,80.074349679494,0.00042919300056426,-0.00027554408466514,0.012573407533875,0.00051002741136828,-0.00015300505125874,-0.00015301088666136,0.0010988829389843,-0.00037600331570901,-0.00051886814982709,0.00015072421613824,0.0042192960223807,673240,22406,121,3
88727.652640549,547.62207433706,80.07463626077,0.00044063455412803,-0.00027106481877452,0.01264875067495,0.00051002920630478,-0.00015300553454924,-0.00015301142760138,0.0011020766561361,-0.00037733724385463,-0.00052072716812733,0.00015129225133345,0.0042118547711939,673240,22406,176,4
89278.012825257,550.36018470875,80.074925658236,0.00045234868778048,-0.00026642441233476,0.012724773645333,0.00051003101835002,-0.00015300602179274,-0.00015301197341713,0.0011052986121505,-0.00037868530105373,-0.00052260028795661,0.00015186436564037,0.0042043772008928,673240,22406,139,3
89828.373009966,550.36018470875,80.075216461759,0.00046428175819178,-0.00026164475233179,0.012800950166844,0.00051003283866661,-0.00015300651059455,-0.000153012521451,0.0011085330660802,-0.00038004094403132,-0.00052447831542783,0.00015243616913024,0.0041969264009527,673240,22406,135,3
90653.913287029,825.54027706312,80.075655725236,0.00048263351600345,-0.00025418319100739,0.012915206108543,0.00051003558719834,-0.00015300724731909,-0.00015301334834915,0.0011134135076597,-0.00038209185071853,-0.00052730666541105,0.00015329013950316,0.0041858165646533,673240,22406,147,4
91209.79083259,555.87754556045,80.07595310495,0.00049525684491758,-0.00024899979993907,0.012992473633948,0.00051003744731106,-0.00015300774506178,-0.00015301390769642,0.0011167130471665,-0.00038348086485153,-0.00052921638776216,0.00015386365033346,0.0041783435469761,673240,22406,139,3
91582.228788115,372.4379555255,80.076153076145,0.00050383436318493,-0.00024545607653436,0.013044429292453,0.00051003869785133,-0.00015300807930992,-0.00015301428362566,0.0011189297908571,-0.00038441515852569,-0.00053049829741567,0.00015424866473299,0.0041733361341162,673240,22406,126,3
91954.666743641,372.4379555255,80.076353726312,0.00051251626121548,-0.00024184928442567,0.013096464793954,0.0005100399523963,-0.00015300841431113,-0.00015301466065004,0.0011211526598313,-0.00038535315120193,-0.00053178263119427,0.00015463397104008,0.0041683388386423,673240,22406,127,3
92328.966888944,374.30014530313,80.076556070705,0.00052134727939613,-0.00023816086322787,0.013148813020811,0.00051004121729159,-0.00015300875175588,-0.00015301504067681,0.0011233928920494,-0.00038629960557229,-0.00053307586161824,0.00015502002598523,0.0041633283493554,673240,22406,128,3
92703.267034247,374.30014530313,80.076759111849,0.00053028463958947,-0.00023440870266582,0.013201216289306,0.0005100424862998,-0.00015300908997646,-0.00015301542183216,0.0011256394340039,-0.00038724986660006,-0.0005343715929127,0.00015540521170757,0.0041583180667542,673240,22406,128,3
93079.438680276,376.17164602965,80.07696387648,0.00053937418318184,-0.00023057343032189,0.01325403315529,0.00051004376583601,-0.00015300943067982,-0.00015301580604222,0.0011279036419913,-0.00038820875861317,-0.00053567635426418,0.00015579590838569,0.004153293793289,673240,22406,132,3
93455.610326306,376.17164602965,80.077169354634,0.00054857157233072,-0.0002266735521023,0.013306896437125,0.00051004504958744,-0.00015300977218313,-0.00015301619141028,0.0011301743421267,-0.00038917156435323,-0.00053698369177947,0.00015618515590749,0.004148276716872,673240,22406,135,3
93708.90550416,253.29517785406,80.077308063268,0.0005548210772545,-0.00022401455028794,0.013342529622182,0.0005100459160593,-0.00015301000250661,-0.00015301645146404,0.0011317062802223,-0.00038982165305531,-0.00053786516507838,0.00015644580363565,0.0041448951574902,673240,22406,171,4
93962.200682014,253.29517785406,80.077447097875,0.00056111929910318,-0.00022132639361074,0.013378290380827,0.00051004678445862,-0.00015301023319838,-0.00015301671204806,0.0011332412031207,-0.00039047353991008,-0.00053874782399845,0.00015671044668319,0.0041415188235196,673240,22406,129,3
94342.143448795,379.94276678109,80.077656348734,0.0005706647263673,-0.00021723362304482,0.01343188820955,0.00051004809120639,-0.00015301058006247,-0.00015301710406154,0.0011355503533322,-0.00039145544844857,-0.00054007449780122,0.00015710443569986,0.0041364622153657,673240,22406,139,3
94723.98592941,381.842480615,80.077867394983,0.00058036897505165,-0.00021305292864309,0.0134858157946,0.00051004940891828,-0.00015301092951364,-0.00015301749924915,0.0011378779311265,-0.00039244641157601,-0.00054141053939498,0.00015749993995968,0.0041313684129672,673240,22406,155,3
95105.828410025,381.842480615,80.078079194656,0.00059018438742716,-0.00020880416522461,0.013539907792302,0.00051005073108656,-0.0001530112798265,-0.00015301789565528,0.0011402124463957,-0.00039344155232706,-0.00054274933846381,0.00015789798831295,0.0041262719583481,673240,22406,144,3
95678.592130948,572.7637209225,80.078398513384,0.00060513156041,-0.00020228774672533,0.01362105994702,0.00051005272395058,-0.0001530118072365,-0.00015301849287408,0.0011437299794618,-0.00039494375942388,-0.00054476379619796,0.00015849369445707,0.0041186013745187,673240,22406,150,4
96064.262582431,385.67045148316,80.078614364772,0.00061532806440689,-0.00019781906540808,0.013675860611335,0.00051005407077753,-0.00015301216328438,-0.00015301889634979,0.0011461057157689,-0.00039595960373719,-0.00054612310088836,0.00015889411552044,0.0041134343750265,673240,22406,143,3
96449.933033914,385.67045148316,80.078830998379,0.00062563766094803,-0.00019327795260143,0.013730777165361,0.00051005542223227,-0.00015301252024501,-0.00015301930107493,0.0011484887230887,-0.00039697982341661,-0.00054748529875978,0.00015929615585831,0.0041082747075057,673240,22406,138,3
96837.531837655,387.59880374058,80.079049509053,0.00063611314297543,-0.0001886397682898,0.013786005818107,0.00051005678514039,-0.00015301287992129,-0.00015301970908552,0.0011508910433711,-0.00039800959515639,-0.00054885725208109,0.00015969787223096,0.0041031010981347,673240,22406,134,3
97225.130641395,387.59880374058,80.079268819071,0.0006467034729896,-0.00018392561142757,0.013841324476777,0.00051005815277524,-0.00015301324053863,-0.00015302011835907,0.0011533008153447,-0.00039904384927341,-0.00055023217219374,0.000160100469454,0.0040979230613622,673240,22406,134,3
97806.528847006,581.39820561087,80.079599507075,0.0006628218301932,-0.00017669273469662,0.013924294384083,0.00051006021444806,-0.00015301378358262,-0.00015302073497711,0.0011569323853985,-0.0004006054087148,-0.00055230128079533,0.00016070432907705,0.0040901480379641,673240,22406,149,4
98198.013328754,391.48448174808,80.079823068171,0.00067381317013663,-0.00017173048639238,0.013980308107546,0.00051006160791952,-0.0001530141502429,-0.0001530211515598,0.0011593854302657,-0.00040166152584673,-0.00055369759830219,0.00016110972139588,0.0040849114712136,673240,22406,130,3
98589.497810502,391.48448174808,80.080047464679,0.00068492362394483,-0.0001666859548648,0.014036481568311,0.00051006300632725,-0.00015301451789805,-0.00015302156944233,0.0011618462674694,-0.00040272232578023,-0.00055509702270233,0.00016151555317976,0.0040796580648654,673240,22406,126,3
99176.724533124,587.22672262212,80.080385864199,0.0007018321682619,-0.00015894537643176,0.014120837584519,0.00051006511463797,-0.00015301507161451,-0.00015302219907189,0.0011655551912614,-0.00040432414680488,-0.00055720320050494,0.00016212714627323,0.0040717906592997,673240,22406,150,4
99572.133646802,395.4091136776,80.080614659836,0.0007133616543311,-0.00015363574239084,0.014177830799676,0.00051006653975836,-0.00015301544551321,-0.00015302262447254,0.0011680606602868,-0.0004054075706375,-0.00055862461987668,0.00016253886307298,0.0040664954825103,673240,22406,123,3
99967.54276048,395.4091136776,80.080844331352,0.00072501555689392,-0.00014823956259325,0.014234857383352,0.00051006797005448,-0.00015301582045847,-0.00015302305123335,0.0011705742542011,-0.00040649586960156,-0.0005600492862369,0.00016294847539057,0.0040611987220871,673240,22406,123,3
100233.79148717,266.24872669481,80.080999409418,0.00073292837230442,-0.00014456178598099,0.014273321350408,0.00051006893566524,-0.00015301607341349,-0.00015302333925556,0.0011722704811543,-0.00040723089166108,-0.00056101006649706,0.0001632251737968,0.0040576338808349,673240,22406,145,3
100500.04021387,266.24872669481,80.08115488848,0.00074089778181697,-0.00014084506759338,0.014311880263973,0.00051006990364756,-0.00015301632684868,-0.00015302362790412,0.0011739704257375,-0.00040796814215969,-0.00056197233468309,0.00016350124673877,0.004054065631895,673240,22406,146,3
100899.41330391,399.37309004222,80.081388970204,0.00075296628184977,-0.00013518980190576,0.014369705134855,0.00051007136074688,-0.00015301670807541,-0.00015302406223406,0.0011765287390453,-0.00040907905195059,-0.00056341909665731,0.00016391374925157,0.0040487073189711,673240,22406,205,5
101168.33117409,268.91787017993,80.081547033504,0.00076116049995731,-0.00013133687576887,0.014408700287828,0.00051007234449947,-0.000153016965277,-0.00015302435538266,0.0011782551942413,-0.0004098293654432,-0.00056439480495823,0.00016419055095243,0.0040450995566761,673240,22406,148,3
101437.24904427,268.91787017993,80.08170551217,0.00076941303831252,-0.00012744461160748,0.014447807432946,0.0005100733307111,-0.00015301722297598,-0.00015302464918582,0.0011799854816263,-0.00041058197271291,-0.00056537205036411,0.00016447074280993,0.0040414924861828,673240,22406,149,3
101707.5115038,270.26245953083,80.081865203905,0.00077776578832391,-0.00012349335548023,0.014487100943436,0.00051007432434506,-0.00015301748246737,-0.0001530249451227,0.0011817283006622,-0.00041134066468047,-0.00056635573922676,0.00016475025047341,0.0040378734167537,673240,22406,149,3
101828.83232189,121.32081808339,80.081936990293,0.00078153218878841,-0.00012170897348315,0.014504746338848,0.00051007477097661,-0.00015301759905864,-0.00015302507812559,0.0011825114331661,-0.00041168170751541,-0.00056679763185831,0.00016487637672189,0.0040362461986025,673240,22406,128,3
101950.15313997,121.32081808339,80.082008861669,0.00078531038609138,-0.00011991676348206,0.014522476339226,0.00051007521811199,-0.00015301771575214,-0.00015302521126357,0.0011832953510794,-0.00041202322002246,-0.00056723983996063,0.000165003770357,0.0040346194995241,673240,22406,128,3
102132.13436709,181.98122712508,80.082116850677,0.0007910012522607,-0.00011721252911311,0.014549063730414,0.00051007588989847,-0.00015301789102033,-0.00015302541126183,0.0011844729975014,-0.00041253654757756,-0.00056790386230755,0.00016519411702804,0.004032178937931,673240,22406,134,3
102315.02550035,182.89113326071,80.082225573406,0.00079674746507235,-0.00011447702635552,0.014575777699942,0.00051007656619283,-0.00015301806739776,-0.00015302561256871,0.0011856583198146,-0.0004130535104646,-0.00056857192312368,0.00016538388758683,0.0040297285420548,673240,22406,134,3
102497.91663362,182.89113326071,80.082334490322,0.00080252062194916,-0.00011172379197327,0.014602544834825,0.00051007724363868,-0.00015301824400852,-0.00015302581418519,0.0011868454318809,-0.00041357154310041,-0.00056924070333549,0.00016557563644482,0.0040272815185449,673240,22406,134,3
102772.25333351,274.33669989106,80.082498281674,0.00081123419204092,-0.00010755777117753,0.014642701664705,0.00051007826228502,-0.00015301850944572,-0.00015302611727727,0.0011886301333702,-0.00041435100416142,-0.0005702454936468,0.00016586301368979,0.0040236177085768,673240,22406,144,3
103183.75838334,411.5050498366,80.082744906849,0.00082442615724529,-0.00010122650619762,0.014702977150677,0.00051007979584047,-0.00015301890877672,-0.00015302657341661,0.0011913162614491,-0.00041552562314599,-0.00057175632465594,0.00016629489884156,0.0040180989471046,673240,22406,123,3
103801.0159581,617.2575747549,80.083116959307,0.00084448795201896,-9.1542072824618e-05,0.014793431899736,0.00051008210876142,-0.00015301951042814,-0.00015302726099523,0.0011953658755135,-0.00041729976508725,-0.00057403077308823,0.00016694182998219,0.0040097941051139,673240,22406,172,4
104421.35982073,620.34386262867,80.083493117487,0.00086495814696095,-8.1600835902183e-05,0.014884527221146,0.00051008444656238,-0.00015302011781432,-0.00015302795556386,0.0011994563969619,-0.0004190951250305,-0.00057632489874725,0.00016758980076383,0.0040014352593391,673240,22406,172,4
104836.99020869,415.63038796121,80.083746224941,0.00087883300380979,-7.4834827934483e-05,0.014945811229359,0.00051008601927063,-0.00015302052601293,-0.00015302842262555,0.0012022063452654,-0.00042030356764421,-0.00057786570698905,0.00016802597137491,0.0039958390356283,673240,22406,129,3
105115.46256862,278.47235993401,80.083916291716,0.00088819989904568,-7.0254645064169e-05,0.014986940246748,0.00051008707584802,-0.00015302080007148,-0.0001530287363193,0.0012040529954821,-0.00042111572268148,-0.00057889973334339,0.00016831803508212,0.0039920919550263,673240,22406,144,3
105393.93492856,278.47235993401,80.084086807349,0.00089762589589745,-6.5633446119675e-05,0.015028149993356,0.00051008813509308,-0.00015302107468965,-0.00015302905072242,0.0012059038394551,-0.00042193038470362,-0.00057993544507047,0.00016861050242306,0.0039883428425403,673240,22406,144,3
105811.64346846,417.70853990102,80.084343544631,0.00091188271120454,-5.8615393364364e-05,0.015089927882748,0.00051008972970978,-0.00015302148787299,-0.00015302952384456,0.0012086895403496,-0.0004231580249222,-0.00058149279743521,0.00016904715681311,0.0039827223481321,673240,22406,131,3
106438.20627831,626.56280985152,80.084730819636,0.00093353582916132,-4.7887812392212e-05,0.01518271535544,0.00051009213455561,-0.00015302211046954,-0.00015303023690734,0.0012128892847719,-0.00042501218198694,-0.00058383731560623,0.00016970125814889,0.0039743024302247,673240,22406,177,4
107378.05049309,939.84421477728,80.085316606008,0.00096662295586524,-3.1330569103148e-05,0.015322130570011,0.00051009577081715,-0.00015302305069857,-0.00015303131400801,0.001219236503618,-0.00042782197298724,-0.0005873731245202,0.00017068279349797,0.0039616793305688,673240,22406,207,4
108010.89459511,632.84410202028,80.085713534135,0.00098926508365731,-1.9924158706745e-05,0.015416561414237,0.00051009823396087,-0.00015302368673827,-0.00015303204308232,0.0012235320494232,-0.00042972691327505,-0.00058976263200783,0.00017134503577028,0.0039531861744679,673240,22406,204,4
108434.90014346,424.00554835359,80.085980578289,0.00100459146764,-1.2170257232711e-05,0.01548000862172,0.0005100998907766,-0.00015302411420982,-0.00015303253325595,0.0012264198050835,-0.00043100906036195,-0.00059136750141074,0.00017178780633897,0.0039474878777352,673240,22406,147,3
108718.98386086,284.08371739691,80.086159998133,0.0010149323771889,-6.9233572379608e-06,0.015522605026508,0.00051010100379253,-0.00015302440121055,-0.00015303286243637,0.001228358983147,-0.00043187072494606,-0.00059244451805532,0.00017208339978758,0.003943672901093,673240,22406,159,3
109003.06757825,284.08371739691,80.086339882717,0.0010253339995894,-1.6304712638363e-06,0.015565241804512,0.0005101021195647,-0.00015302468880047,-0.00015303319232794,0.0012303025523844,-0.0004327350243359,-0.00059352328961224,0.00017237870568315,0.0039398561571894,673240,22406,152,3
109288.57171424,285.50413598389,80.086521135487,0.0010358490671691,3.7355599280776e-06,0.015608127167712,0.0005101032436949,-0.00015302497842196,-0.00015303352458475,0.0012322602751731,-0.00043360630700681,-0.00059460922747812,0.00017267523099968,0.0039360123209637,673240,22406,190,4
109479.85948535,191.28777110921,80.086642801176,0.0010429270780518,7.3544785581333e-06,0.01563689902244,0.0005101039981956,-0.00015302517273642,-0.00015303374754139,0.0012335739389655,-0.00043419125889292,-0.00059533760215477,0.00017287469961147,0.0039334357384521,673240,22406,134,3
109671.14725646,191.28777110921,80.086764676996,0.0010500323860485,1.0994286103045e-05,0.015665650771813,0.00051010475394264,-0.00015302536731846,-0.00015303397081865,0.0012348895968811,-0.00043477740738367,-0.00059606677369187,0.00017307310198405,0.0039308625929694,673240,22406,134,3
109863.39146642,192.24420996475,80.086887373784,0.0010572009156087,1.4673419635511e-05,0.015694649533378,0.00051010551472283,-0.00015302556314169,-0.00015303419553497,0.0012362138470913,-0.00043536769521528,-0.00059680039582986,0.00017327323831302,0.0039282716132571,673240,22406,134,3
109992.1950871,128.80362067638,80.086969682939,0.0010620187235683,1.7149153906059e-05,0.015714089714076,0.00051010602504826,-0.00015302569446436,-0.00015303434625061,0.0012371019978904,-0.00043576372936384,-0.0005972922841933,0.00017340766970487,0.003926536619824,673240,22406,131,3
110120.99870777,128.80362067638,80.087052082951,0.0010668474579163,1.9633056477776e-05,0.015733478169302,0.0005101065359159,-0.00015302582590665,-0.0001530344971087,0.0012379910523577,-0.00043616030599546,-0.00059778453346173,0.00017354132832617,0.0039248003493827,673240,22406,131,3
110314.20413879,193.20543101458,80.087175884335,0.0010741145099087,2.3378277250826e-05,0.015762694088828,0.00051010730341719,-0.00015302602333932,-0.00015303472370303,0.0012393266674256,-0.00043675639265785,-0.00059852371839294,0.00017374354994586,0.003922199490937,673240,22406,134,3
110604.01228531,289.80814652186,80.087362042027,0.0010850711768166,2.9041299808283e-05,0.015806613715115,0.00051010845737761,-0.00015302632008803,-0.00015303506428447,0.0012413346605349,-0.00043765326841136,-0.00059963431911844,0.00017404837780435,0.0039183040284145,673240,22406,147,3
110895.26947256,291.25718725447,80.087549616667,0.0010961476544228,3.4779763839297e-05,0.01585076097486,0.00051010961999007,-0.00015302661892532,-0.00015303540732186,0.0012433573019123,-0.00043855739356487,-0.00060075231460456,0.00017435325522224,0.0039143999083822,673240,22406,147,3
111186.52665982,291.25718725447,80.087737675467,0.0011072896909275,4.0569504289549e-05,0.015894913119822,0.00051011078546311,-0.00015302691836816,-0.00015303575108308,0.0012453845536985,-0.00043946428485905,-0.00060187215282755,0.00017465648781173,0.0039105013930546,673240,22406,146,3
111623.4124407,436.88578088171,80.08802079267,0.0011241324847367,4.9359155291267e-05,0.015961296849787,0.0005101125397782,-0.00015302736887301,-0.00015303626827001,0.0012484358035291,-0.00044083084947866,-0.00060355605141524,0.00017511467356828,0.0039046701739389,673240,22406,126,3
112278.74111202,655.32867132257,80.088447760038,0.001149685858857,6.2778382851414e-05,0.016060865622297,0.00051011518484564,-0.00015302804761572,-0.00015303704748654,0.0012530359428049,-0.00044289466143788,-0.00060609119162365,0.00017579848042822,0.0038959317398464,673240,22406,160,4
113261.73411901,982.99300698385,80.089093414084,0.0011886973536201,8.3450674799871e-05,0.016210456327266,0.00051011918324634,-0.0001530290723699,-0.00015303822409399,0.0012599884184835,-0.00044602170861505,-0.000609914823086,0.00017682731652222,0.0038829078407526,673240,22406,323,7
113923.63246026,661.89834125257,80.08953082363,0.0012153739648545,9.7660436379711e-05,0.016311834316114,0.00051012189116758,-0.00015302976542201,-0.00015303902037479,0.0012646936218145,-0.00044814148275066,-0.00061249903369303,0.00017752260691151,0.0038741586362891,673240,22406,165,4
114367.1043489,443.47188863922,80.089825074829,0.0012334300126173,0.00010731228790376,0.016380128971448,0.000510123712434,-0.0001530302311218,-0.00015303955566347,0.0012678568111183,-0.0004495681099038,-0.00061423477556573,0.00017799068338285,0.0038683229551931,673240,22406,118,3
114810.57623754,443.47188863922,80.090120422508,0.0012516365792465,0.00011708103233375,0.016448589592343,0.0005101255401734,-0.00015303069818142,-0.00015304009259041,0.0012710307301328,-0.00045100113135931,-0.00061597484937188,0.00017846078908129,0.0038625033647493,673240,22406,118,3
115475.7840705,665.20783295884,80.090565784764,0.0012792550407444,0.0001319783469006,0.016551373677731,0.00051012829563533,-0.00015303140174454,-0.00015304090148786,0.0012758157426273,-0.00045316503271669,-0.0006185947175077,0.00017916464042739,0.0038537994091914,673240,22406,166,4
115775.88892569,300.1048551963,80.090767308299,0.0012918203236637,0.00013877059977932,0.016597970258552,0.00051012954223581,-0.00015303171976653,-0.00015304126731202,0.0012779793844554,-0.00045414417114302,-0.00061977865815517,0.0001794824656652,0.003849875731802,673240,22406,126,3
116075.99378089,300.1048551963,80.090969329548,0.0013044558905009,0.00014561617912275,0.016644630136029,0.00051013079177024,-0.00015303203839381,-0.00015304163388186,0.0012801479659193,-0.00045512624029745,-0.00062096460612732,0.00017980001704571,0.0038459623520399,673240,22406,119,3
116526.15106368,450.15728279445,80.091273424218,0.0013235503721888,0.00015599542480977,0.016714750483303,0.00051013267235974,-0.00015303251767848,-0.00015304218533091,0.001283411960095,-0.00045660593965939,-0.00062274805108528,0.00018027816439563,0.0038400943806772,673240,22406,117,3
