-67.701687393976,54.347760313932,195.786189303317
-128.368499827919,75.998092916909,-19.480216130575
185.62227606011,32.474921717305,-97.380705284855
108.768418668049,67.513554002332,-125.29175659482
79.521487586089,112.09622006593,-160.391767943953
-44.106799471879,83.687985399518,-0.00852458943
37.953602154559,91.806051784501,-138.282521971978
-80.904257450839,118.583681484234,142.965367363
37.086534955482,63.858282857269,-111.282828846378
-228.42623962925,149.227575997206,123.266871661358
188.997350916327,105.693105669263,-52.760649857652
37.905275205318,137.295148595822,-68.128194861476
52.829287819868,78.134272019196,77.630999148483
-60.605555270441,165.184965752457,-105.80278744049
4.515531002074,39.477459352636,28.415939091474
17.26697025612,117.362774467269,-135.706912933794
127.529218622259,135.307034512649,-139.003646509567
96.883590273075,83.044373438566,-89.021737135658
103.65648913989,113.82019278921,59.290442849088
-94.113341339923,37.571381317372,174.055981373193
69.598294578482,110.511646522587,58.103578048904
91.591246305852,140.422809693468,-170.86945700042
-14.923284994695,89.464564545079,40.984822510729
-80.31929846332,148.278337401505,44.434913967638
257.327502111497,118.601663332884,-79.989758718311
144.60866678284,23.084659726845,-177.963268878244
-118.005104863932,119.234581404395,24.638352701027
211.050289123146,79.001515169794,-111.504400394803
-9.730746675277,140.107431100933,-157.555698174771
63.722215758475,69.248659202905,-122.143580809746
-23.45129402485,138.529734801091,-15.877275529313
-106.426922056124,109.679479713739,184.88244499106
3.290436577888,87.136607377314,11.040992130235
-189.517134560504,130.347323181069,29.518916673576
-84.003280779419,173.713001509537,177.39409541187
115.232909947356,157.433873581303,-140.235836227494
-158.477964490104,72.2562044896,79.240623635603
-103.490042972015,132.278140583031,53.25629422078
-54.52932629789,161.086674585577,177.314863946849
-184.990612024491,162.1710142496,28.247214642968
-32.985653815696,74.616012134632,73.01529875776
-143.458774534898,111.626662385013,174.243918227847
-147.920101603764,150.602747020697,118.349214327677
-159.249103706333,134.881139493442,79.527116819871
194.97354543378,145.191420604065,-16.09987091486
-39.440545932296,24.708754943227,146.631160563256
163.165915176391,87.449115467818,-168.350628135938
-123.438754858994,97.950998309381,-7.04045898161
-156.995499524279,147.304904350606,-3.858555938405
-2.533928882413,44.73860438961,-95.045731309438
-178.520022453503,81.487757886788,10.178978193549
-206.347554103123,106.718641574049,146.125131115978
-149.875888925174,11.938348776607,-9.150617063473
74.22533329402,90.532044109801,-4.362225623544
-22.374135223202,58.932781674812,152.416531673854
-45.570850605028,50.56517128307,27.813767039738
-37.078089898987,121.573148700158,-17.647607453362
13.1381132559,161.308986212272,-105.148496214333
194.062712486053,155.934984939034,-139.36642263215
-53.704918349203,70.914025785131,-15.386218173187
80.162780698432,81.775692902503,-8.200484446382
77.568615283169,90.454128498858,-15.376819336144
-125.159308159846,125.519462873484,169.67360494606
-85.171373793771,35.851310084741,195.258067130328
-53.235244724846,125.200461163425,64.452522269833
-195.291545569258,126.623216552043,28.939996755546
-66.166690535895,119.578072140537,-11.524512831632
115.06307631817,22.06256700396,-40.823686328122
228.797148074843,33.477561850763,-95.683917332967
5.806372420803,129.948527690973,143.770750616257
-35.324626124793,82.5311063897,-144.374636168876
-13.900318479497,33.244645795698,56.543418779927
-136.455552955231,157.836351234109,152.332711187284
60.582375857912,54.193502233769,-94.16247079729
-47.102492657379,108.239789492534,113.440828566801
-14.817850252187,121.993898587004,-43.83658304033
-44.188690422152,79.115777626477,114.508421567671
-125.726460245564,39.616182010573,35.99027366264
-108.962531466036,61.540693443517,205.312540855008
-99.457922688935,82.587024052552,138.53231081775
-80.460397513155,16.909833270227,-3.40366999615
181.384923944938,127.616629415319,-10.745625608443
64.883967404355,143.989320392226,-132.112275131574
151.848294687298,19.704211004748,-45.202412647152
-126.462012947194,34.309194135,34.074686709247
122.096207845461,138.35280378435,-84.142896963947
201.203914366557,52.04522189659,-92.470404533958
-96.176913688318,45.565128046861,-8.6406551926
246.491589511382,115.837319606657,-82.141954761655
51.296508259178,125.266163024828,-228.813854891639
-77.245824992739,38.925359021693,-63.47052794319
7.472788828217,81.189492147145,10.253766619368
199.268889701118,81.420624589872,-57.150925876884
201.439058176165,89.462963807369,-137.622723067398
159.95574001443,121.956802693397,-34.576879505931
-208.77887921851,52.853496708273,105.700968095184
24.505775802496,172.256456033283,150.373269641339
-137.693328533887,128.180104603805,94.835162888356
206.267101353589,165.051650699915,-47.794959261469
126.493552973329,49.712769697468,-62.717387269568
-212.340179413091,74.798842304495,139.876163174901
90.511242942851,25.378163746844,-43.160917989556
-150.513905236586,26.393658476208,87.941146090737
52.020552343832,98.210223812888,-29.023696340927
-150.12079725383,127.146279027094,83.526158986152
-53.047933123586,29.080645891328,194.105583492093
20.756226777078,103.088938361584,-95.177199367007
-64.414904889292,21.022918509483,159.631652972057
-29.974022206932,97.106603225395,132.545445556721
-34.153453628254,99.676164593518,189.037104007735
127.810254697531,10.130515463621,30.421027122239
223.35793847367,39.477408265987,-123.691818411238
242.597657883788,19.409668637852,-85.447963279293
-205.297691174523,147.361096882148,63.548550475147
-143.728792867257,90.91641912536,97.931681328013
207.489547469805,84.707520679657,-39.159817394095
-21.701540242798,7.062593037862,-146.917414818073
-26.203730216523,125.921172794636,-67.109381008679
-50.735210200263,85.45447641951,44.160213687007
-42.223768256839,125.439589679267,-3.031878467021
-223.771415078142,90.716088328598,82.210429190269
-1.12175267405,31.599039812435,-75.986038925351
-152.992755763744,122.282789299804,93.637794040443
136.110684446894,91.892732191896,35.54373950169
-133.943170046202,69.613874185749,16.930413086718
156.112774647857,15.829135266203,-125.99955224059
131.427950247208,39.917513090177,-107.527922084043
-104.252039211302,143.176639472839,156.331104071049
-173.293413810412,110.390558673622,153.339307700494
184.031386342491,48.272944307702,-134.270183934295
-113.897903153428,143.437486559471,-22.011890252808
120.11099149103,130.377574237979,-3.9248028829
120.959034796493,104.528255518696,1.937326056429
17.976275084962,123.443588158145,-45.752872255554
99.047779370879,53.464981697001,-211.448951318501
60.689170431165,108.49397928008,-191.513517666758
130.419661655623,64.939496311803,-204.961281512871
92.36254218556,76.255299673441,34.644609045831
-94.074543061556,90.619507135401,51.111483624207
-146.8167730466,102.374073708842,156.910279106026
117.496172681691,128.101863088314,-107.3472811572
211.908966933009,41.243960024308,-72.54935280748
158.224629674686,66.439948689172,-67.058914780846
-165.643587967797,143.528011382263,149.008964312582
-171.599623461639,91.941849377219,39.560165833739
-67.522762979379,15.04005427347,-37.572999248837
223.758630323019,50.668595853281,-91.632524865867
145.173804182031,103.269032735314,-163.72810489935
156.209374343395,35.937444795167,-61.12642473431
159.082684822806,127.477805157905,-46.495897019433
148.789093957905,85.615508435726,-129.553725802437
-15.873257833154,1.181673462949,100.601185431727
-127.208896323859,39.398205665788,132.819979268862
-112.69094220519,174.752355847862,153.497561253203
117.428305314398,97.09145082888,25.512038012442
-181.025422065298,153.438828307727,157.043692480777
201.256884845179,79.418744415344,-134.598751567265
-22.578187048215,51.75443267139,153.724492987444
-43.371634756651,105.87812328358,171.484121349215
139.703504531819,102.738396169872,-130.826950557333
171.759672060913,87.085253891891,-23.789903968255
-48.615899601342,106.562490984948,-73.587644513396
-73.764699223879,75.323431942656,-52.283130570805
-35.928244455829,137.648451755746,-137.343222298579
163.371513639485,112.748408061315,-6.331279023725
192.274542156196,8.449209148163,-44.266475936422
0.567070670781,114.605292682728,90.923364935556
-59.739083930511,124.935517831872,102.388800121478
-72.66894393326,99.531733612192,208.706215996373
198.875034153137,120.982836189736,-36.367732612584
13.260523050301,71.653503937094,41.190859991703
138.529474392955,32.482235316682,-31.382336269669
179.871877120976,111.256919843396,-46.490723982211
65.005532805515,8.152328736999,-75.471723404162
92.549889099142,92.243859464376,-61.359383667398
-43.317380582496,128.167898969979,96.26485395951
-35.670152061919,126.798396510804,215.436981387919
218.906940824251,51.907920309848,-121.641704372916
133.068685669807,75.694736759438,-215.020779748078
-69.128662700575,152.231522384106,23.309542816829
-162.22441080646,128.019325971478,171.239163145761
89.92854555896,159.465700082455,-234.626282840108
163.087018289679,112.258972490313,-3.145232081138
-134.663627528099,63.722024612341,184.025067193853
168.846049560285,93.961284834328,-52.667615914422
-163.912574919657,156.032878468238,23.930349156379
28.929751977474,107.803779183929,-81.842118616614
-30.608611621411,16.164261995202,175.653655997401
99.654496658325,59.847968926609,-0.928160936858
-8.444035413891,173.935494980222,-129.42669801517
7.520814613491,76.931007068566,114.279663314053
-80.703564454442,65.66099676687,-2.518154253159
-97.083173625044,158.913003293814,90.186734066324
-140.946951434828,163.219052484407,-18.086002393859
191.660799135222,64.09804661708,-159.498139750198
5.861785559879,78.835656214756,-52.90757672566
-14.898103780906,122.74510410085,-1.251736454019
-190.309271745628,73.058664919489,126.460550957905
-99.428071738767,89.377496510277,242.403235338759
-82.346026311922,121.599944973863,218.729112175455
124.10786471448,131.771996541597,49.848246229384
6.665235154059,126.20692123672,-146.180333600963
-48.12978261662,64.351446670136,-13.821251553507
103.041799628964,90.994889559971,-33.559389514009
-74.886939321262,95.434946066698,52.364939191915
-192.955084783311,111.284905026684,137.437398291916
69.848479828478,59.250501163015,-234.272608107781
-182.111831587206,91.594722304795,148.312483562008
48.267723061659,90.203706594252,-142.105194454728
226.906256517589,161.039359912115,-67.012433002458
1.285533160949,120.583115498055,90.971780624552
108.483066940795,39.436560411265,-72.955483829855
64.638127758192,59.356644190738,-109.591161511816
-217.638402436254,87.775410434789,37.721916844922
-27.199151923378,54.77305668102,63.485159400793
36.123101161883,124.760715411022,-53.531477064618
219.384193629732,27.518057861797,-116.61282598937
-90.890091273652,104.604921300951,228.157895940431
198.694751056176,51.951885225522,-118.148975701977
-76.21144533482,100.944920082582,233.738518204128
110.605389688019,110.129658805932,67.941159384987
38.367840329122,83.093205431231,-88.830505511554
-69.55111153536,133.710981933147,-12.666378822579
53.805153548207,78.605010733908,-18.810033817293
-48.509122965688,108.743806423512,178.080851840394
37.016770413207,137.416887632548,-38.741399050416
83.867933208576,22.797526759658,-247.372475953759
-76.065232221879,52.56548286459,194.554682423197
49.844769550187,123.310221077531,7.472150987251
74.208764436871,70.630609456406,-11.767360520942
2.491272748675,98.995812277045,-27.286916115528
10.721009574352,119.799123884725,-63.204399890898
-152.873259677863,145.264576989528,84.104400958547
-252.24056210862,107.065508298782,76.694792603263
-40.90930796194,102.628459046131,-31.514622444013
14.017286958982,23.882789054433,23.567237550162
-92.797588268947,112.888936800629,115.509691461031
-159.82218323592,106.891405390768,28.935450097677
10.886226243345,84.855376002312,-44.087594141414
124.426032682462,155.223419436764,-184.463660925849
118.548574172742,12.95367555595,-28.940994805619
-202.124673992445,162.643629874855,122.366470537114
-64.839354005207,114.562297103603,125.19843565444
35.181119232679,63.177272487112,141.081205377554
84.536643357924,49.241046398278,-172.788956358295
59.198182141597,47.992224218375,-149.695235752748
200.375308989181,123.250821460169,-46.512657224887
198.540127786939,23.700555545788,-158.839516563155
139.328768027759,144.249270114005,-196.04563929181
-112.882175470317,97.840689968806,-55.681401514172
-29.20832441275,9.486944266486,190.231135562977
-177.082538790794,86.126828878081,39.541439900764
-22.731679569814,36.924722008663,-87.450414032478
-146.012904120967,32.789038505753,61.235348524909
21.15557310218,74.259398673047,-1.334738335068
-119.133711223915,57.541999776672,4.343875870304
-151.702998340481,115.742210069414,102.411995866836
87.893725719121,113.564323953701,-47.521594270222
32.452143730103,79.565257800249,-154.923893041094
-16.146506293228,98.437807964684,69.875486835506
-16.349905937713,90.672767859077,-14.305537380033
80.44307606685,134.125054671428,55.510171614167
22.746768584224,52.472579893695,117.979884948362
-99.87277233464,21.889507934611,45.37164744655
-45.685298570679,30.879413471668,95.061736265741
-203.800486192169,46.568464933872,26.199968105651
-171.694702028873,27.404563915042,25.226756967834
-38.069400269658,92.169993880905,-37.154954754979
39.035504397257,64.096242278989,-67.97662146672
2.825681583124,91.755329028048,55.05233994628
132.984423211291,172.580045397594,-52.123669210182
174.685624562183,110.818404295964,-84.848344028828
-21.741607383004,64.149423188134,156.528807565876
-89.536797703151,40.352300657313,157.203785321763
54.942167803362,140.514322903458,-119.336821966904
108.022477822262,97.25534798318,34.767164470897
-24.412923681747,129.598859596602,178.323495318613
74.157804493811,36.980488377896,58.338221054884
14.688987403282,167.047934106846,-169.785731055051
85.289750240393,149.845381091369,-227.4156262647
105.01219822226,102.12121565913,-192.107007959293
233.198545825679,87.563510872227,-57.836397726617
-214.843159291258,135.20632576396,46.89539366416
93.080463314435,120.399172682002,44.062743550727
-156.175821693411,91.264158097744,21.630683962261
-126.598066716,104.993753927606,210.415858460848
-43.179016938959,60.403672582505,-124.151605978022
61.498607551314,81.516226446161,51.45530783492
-99.249723491671,110.000857713456,2.145349452526
143.93958156156,56.387571143757,-102.923970467981
-77.253267819305,98.636394686258,25.950480133911
161.573083597954,60.223009670441,-37.66146411853
164.617719218877,96.989573772832,-124.841066536912
-37.825183609015,39.813743439029,-67.110322282715
81.984800474128,85.117167254912,-161.468614553258
-127.100772483716,151.121979309653,136.64657894819
-11.918760933039,127.892029381307,-24.317647262228
-236.345765927047,65.788546982627,104.460336787319
-209.821644196939,116.74890150516,110.557854019839
-95.669727603927,91.285942173146,29.162985219368
197.745662381291,120.15256497669,-104.199433731876
9.128250776844,58.435594159507,13.609773225659
19.92829615341,103.531514745704,-161.455394735924
75.145585938485,111.99939425908,-247.860411458387
-153.323121860774,81.849520807054,-9.993986086962
-16.013250448729,119.612200930909,102.991022536149
21.655469186008,70.041566579823,-73.633303422465
87.94203081142,89.555960481748,14.86107142013
62.220353611945,121.261691875585,-88.156834223921
52.144398026835,41.916026553001,38.770433293406
-133.462195746783,85.276245964347,-22.877873697478
-66.686784081578,84.198426528716,95.171288302072
30.06305268889,141.829410407735,-103.18106438895
-91.858205976153,52.016214139738,175.11894091048
-122.038908717192,122.671015751193,-13.415535646497
-24.512675122791,105.97109608256,17.815492500982
-98.167719793661,1.076552187811,76.720149903572
77.132447157091,61.127602718179,-234.967821644964
-52.06540624603,62.62996287737,-53.635746987337
-71.76118984465,143.423086540536,-25.242548749128
-125.510977341124,85.424904627178,218.901589319095
-101.090477611229,95.451726224616,42.593540381207
-67.731401472645,67.587143671905,-18.099717941958
-223.646291671485,118.476787363262,46.753224326531
-29.454357734268,72.574839048103,-106.198303742707
-188.462856416766,125.954626146259,82.475919492702
-127.754259282613,82.22068392234,-33.020186477982
-186.255729947654,131.455156641089,81.087972028663
-188.658611529311,123.603596747047,97.315687086059
54.277614133184,69.358746557065,3.217728361161
-96.547519518286,120.056044951902,34.831056669415
-34.653799431218,50.004314980973,-25.3337579292
96.883074151793,54.477242425856,-237.291899826926
-94.27846471061,74.84082186863,211.661630343698
5.769701261152,93.345326512079,-31.748621807338
-37.989277353015,115.639827411922,-9.356159926283
-141.687372925999,80.496849435386,23.697169148942
181.165578382305,158.674849867675,-120.543103603556
69.932265262387,129.755779303949,99.118740795942
-82.472673864653,62.078570154882,218.336837125725
-1.079875865556,99.581176403151,-131.530142102714
111.925449395544,61.81922537013,-1.737653060325
29.663229965727,91.330015536369,-136.465530210086
-59.333352532833,80.661630324831,26.03101232977
-5.563861380686,52.530873191842,134.732249634533
21.619784896492,105.054554462116,117.19386667551
-79.479437301287,118.364030681624,33.602480710136
-90.277808022852,89.884601909053,247.523824594577
-33.053914959449,128.116391507016,174.33431758645
93.077132566808,38.975758417888,-56.856079131339
23.296486709413,79.282173085616,-91.050905071127
24.496726393089,43.405052631738,-173.627938930911
-66.14464518414,120.390150623214,211.597736972831
-206.40686085255,149.388672068756,71.108408743759
89.30014649751,71.943399502481,-109.196976183567
232.847504714743,97.579626358071,-102.291486673539
-59.826553740419,119.90192984946,-74.913745146263
-112.939833612039,89.854348681828,41.580470770773
108.528779061115,37.014220299277,39.69491261796
50.672983330216,166.39662634944,56.912521378635
-47.900722487767,97.896972326501,21.233880390102
-161.528898160911,75.579557819595,14.862937477647
114.311338082695,84.632758546058,-143.261556877172
-146.119475922564,29.47322262321,205.892714866456
73.342100692928,98.620398572215,-201.190145217391
9.619732397986,87.111769594638,145.573662278886
78.476195976282,109.528617246959,-167.230448160837
-7.267094735103,161.115486191588,156.345342190164
0.510661870089,68.338655146157,63.115118512462
40.118387018626,32.071455274767,44.584087878221
37.957262806298,86.52878197338,-64.432693505118
-34.02662189923,64.770811763626,41.818050250845
121.962084351616,101.826993617692,-116.856558756381
112.220580687171,117.236767490793,-60.193766488589
-59.808544203324,61.360454070666,149.216461691449
25.906567543116,117.633331875887,-161.783636380433
-169.079742081322,144.706729323843,169.816126287657
118.399719368045,135.056856099052,-71.687003990185
-41.305209401846,68.477977466234,56.345227586628
-161.678957514969,106.657704745683,-16.862548807563
-10.720099504456,109.069040926104,-117.64284478091
50.5598614544,66.923832504328,3.356395066695
-75.117086423186,100.674330289122,236.728614562462
19.236626670543,132.806525742537,11.704203432645
91.567664916447,68.318211525154,31.137477346307
-98.912599428014,68.34729736367,20.374587596064
-186.539255180451,72.797972509406,99.703845054859
158.15538242155,122.96518705079,-168.42433466969
130.161048793509,87.476484882074,-48.24354384296
40.217026673035,131.589651754053,-210.054984395952
192.393147302605,107.506703880416,-122.197076552037
101.671181348529,125.309878205241,-112.897438140341
119.27078624685,136.879146855658,-94.304292841936
-205.001683885577,95.383728923787,56.556877069052
26.076760046607,124.177611270083,-177.862925171181
-56.530548130754,126.749592041542,132.020314112467
-9.518258914806,83.361975461531,-3.643705895056
-164.002699659843,84.528133279057,100.340788819676
-22.66562524924,95.785289167848,159.209836725315
-43.173295817747,82.325779838393,-58.317730704159
100.674485572859,49.621821207861,-74.456640949884
-109.062869694616,124.785238676641,-26.25888498488
-86.997086244972,64.479903905348,196.286326116095
-113.689933161124,49.672570739576,220.680404008926
-99.76317598682,76.974914283272,202.107422105481
-146.86911026332,60.427790969811,6.988421380186
-218.452718493102,62.793694719704,57.370500131395
-117.154372189992,122.337041942388,-5.198233883497
-76.005488767617,66.993488618997,-82.592942687037
64.915062128114,129.66125897088,30.148158631055
106.437703270789,156.051631364416,-107.021464329676
0.464831304063,64.043740952711,158.547119430453
-117.099344114753,60.147004167469,172.345019079543
31.263901835052,168.893755850112,104.190754332307
206.222695760321,51.412991867836,-149.029620468612
73.009519782055,164.650445619793,53.301068880274
-39.595441237991,4.54188851266,1.590013153389
-201.830034565374,62.951084421016,40.798542970753
-157.140440736104,62.329625116887,177.264520827078
-116.539766358304,111.495533092322,-51.43619452626
-7.271246174124,102.47264362445,-68.52609440488
11.113419547997,60.818100677982,-127.519553706456
-142.036722896416,27.148319236367,205.928847899309
-190.486609378329,153.962434412418,140.87447996097
-67.471560578595,105.364709877499,153.53889352664
8.876014856382,91.751015759777,-46.583944684748
-154.352703447898,110.020782091931,126.436700467518
84.081220298021,124.995951256358,-26.416811586779
260.88568277178,93.671821260114,-91.3224791703
132.970200067596,83.339000067819,-184.609582787365
-50.069453507671,94.504301554059,-1.3699424404
32.179415442865,127.728444640221,106.01774900077
-96.825482307107,59.343283495811,260.425655565844
166.307096425783,63.178597348777,-98.084273181351
99.509427509358,2.92204733835,37.72181991945
-134.586296980417,125.089622465353,181.279307078169
63.690642372034,72.29903504252,-224.223449872054
25.656798108605,93.815135714714,83.47724189537
-97.592402874488,43.99762920506,166.414929020278
2.697254011278,105.150761720801,36.702489797021
-24.413528058721,137.733845824141,-54.975391989026
126.009867873202,139.793431924328,-117.963891226479
-25.080337326357,66.291978288866,70.954597992724
142.839510127262,127.354613165879,-202.378818951124
84.514743150188,141.450492454857,-4.86000891614
-163.742837787895,112.540828309203,94.084036477961
-113.614257293042,99.53870444186,-31.197109334681
189.015243034347,90.160660026288,-52.001177803715
168.581028683125,117.223433099848,-99.41172998396
-88.767166472957,104.578533630192,-56.924064521126
42.472087735314,133.720267051942,124.961304891766
30.855143136246,116.545863568275,14.712341843592
-106.757757862632,80.544212117749,26.278243707226
-66.236247327223,133.767690007291,-95.845116273356
87.303213840554,113.738467995508,-7.224428609611
-57.707481273374,141.824400087338,213.763201856611
148.001412128168,54.098107439358,13.036099701319
82.683838803175,94.726315280141,-32.671917756646
65.34853969477,155.215876554586,-157.915013642381
3.657900309621,141.22271152726,132.714316192953
-94.812967009349,77.467560539083,76.011546750866
-164.189594402739,78.044090697169,8.149654223182
-91.875892859529,128.159334651498,-21.904558880393
183.697804876007,107.036854704712,-80.918703730866
244.772546942765,59.814319173488,-71.53958804446
-62.888593659877,104.056977999429,206.723287301124
27.101322961641,147.125567026935,-136.462913709457
-40.347177905928,159.659199076779,-6.636555095126
-86.6276333238,38.843693221666,-69.370498762324
128.421478990664,88.985302232389,-215.343569486848
47.55083559343,106.452558537552,-160.414310295179
102.003371045566,142.910497914222,-178.724036810111
156.003209221015,138.208676309022,-176.254637702336
44.493899968768,72.810296551768,-95.336615373126
-102.917124769196,40.707335990658,155.232272970622
-174.855870915721,107.361551100341,124.009036517668
-103.457027203187,125.959162164248,240.379796585417
17.550822567877,76.234691433141,-7.158578620823
89.222489703964,153.918483571934,5.962195918197
-195.913012032875,20.220930171775,137.774007219664
15.752176681508,108.945795547522,133.971280087142
-173.71141961312,58.076942891996,141.004856952705
49.26763776161,123.577354317136,-227.472763695942
-70.597929084001,28.389805601957,133.701043160467
-94.316744062764,148.68418693618,12.790474873649
-15.013481928422,147.892045756707,-5.902955716715
18.50273340704,71.398597017694,110.054078696613
8.435756958638,123.115929300876,-106.44636973598
112.756392045157,141.690646725172,-220.224567111385
157.881401648652,6.8989135276,-184.286135291679
59.526736563333,32.574223830938,54.396346775637
111.775900280694,119.69298120219,-80.985732200128
37.042732736515,93.005526143594,123.256049225344
46.958179170835,96.790639098472,-7.607244924067
-161.544532458508,121.390936598595,119.892881439596
-188.313961356871,39.303299578078,97.36377644898
-27.610482585712,34.136014630605,-29.943522503659
19.139765761044,105.745985998138,138.601966501755
-12.843692340914,129.77259126848,24.37774366841
0.208322202386,82.652791691531,20.471624751008
-56.481129631166,127.397661459491,210.915399226627
-74.614604615548,40.694363720477,-88.502688019946
220.792619500565,86.556100269145,-118.211040391845
108.425662279956,53.616910265276,-93.078515184896
-68.861844779696,68.734266964695,165.501649108687
193.801513088346,18.3942287057,-136.582384087375
-106.546746702011,127.640357186434,40.9879274953
75.206716193422,96.472374802142,-141.688171983174
19.01541738283,153.995558670074,56.347271409528
-115.087860252721,48.642722194968,-47.44996226705
41.294424674571,15.069539563332,-180.989215833881
27.646034071228,83.302880049822,-184.185431428549
-190.098977131465,127.908726347172,85.581388289275
-86.998569470156,50.133067337199,171.814546294664
144.753349167093,22.699567383326,-49.753392234158
-145.364334450651,46.344172716987,67.886845737484
-191.868772949578,79.087624783332,55.197195076536
-138.322007569969,93.148920948478,172.420730291005
27.211741002794,78.285219929445,91.823972013344
-87.774792414723,127.688653868942,109.056774345193
-90.869911346034,106.304445231891,175.233035710941
-28.867233262234,138.300494343715,140.758578241876
0.559668508234,80.480500810245,-83.861059147905
-157.169975715522,141.187541070087,37.324475533699
-107.24812488844,101.461409048129,213.140408853866
137.780086275148,54.379192615921,-107.26019746489
-50.845967179363,134.307318495464,-61.78058335606
23.19600230599,84.58374060978,52.595036719663
64.05091080479,92.73884538646,-203.377753140258
-58.086868176243,113.868618104657,7.128051052962
140.814917569348,78.563345550159,-207.896250161035
67.844364599064,65.862973561613,16.9932398419
-100.72635093512,80.495381634731,223.315101385952
42.271417820957,114.874194795146,-70.042489904935
-76.982113847998,78.165741575609,238.317975795352
156.468472730715,132.375274148288,-96.410100091723
-25.536994035453,58.359430591351,5.235970806848
-114.06186641437,95.278312119254,-11.602624029488
-45.482324702419,5.712192896628,65.056333723555
0.475836067397,46.075860499244,15.580921304828
-85.991774873805,78.741635366348,153.445199701862
102.092763031723,44.477879748149,61.625144902902
-106.818058572381,89.680963720745,153.829810553908
198.605141098047,116.340219661327,-86.352014779531
-64.595117672907,33.931268473968,63.691639552618
219.571164015768,108.891973750139,-133.698861327179
94.813144933845,128.807228405419,73.280101225691
31.764234307497,112.767140935568,120.824703760069
121.620187589231,19.369683314038,-192.126789413988
101.943956654296,75.328777423223,-170.194246154112
173.25031348641,153.676371479444,-8.792155606448
-85.029619834114,94.962381640508,64.568827836438
-200.677378293239,79.522984257505,115.098190375976
62.999014192981,127.7901376117,-8.624980560029
-55.579604106473,92.66771970642,169.656431723476
-102.90935866141,149.214561636398,100.042631145097
-3.065323022552,163.426558737224,-73.149129516227
102.703320083207,98.832247413688,-117.775788145278
67.017865000111,27.251716269817,-152.112789608246
-4.934680647277,110.064914460297,-136.979370201661
251.718860272627,56.950968788054,-89.97708546654
-126.462446768755,54.805633910122,205.041432283135
-116.216295772063,92.481370311194,231.344653103329
-34.75609386794,89.277834156948,31.535129164702
-1.421363490823,39.34814568847,-17.459653960772
-63.42022480052,162.923673592364,193.321979117365
135.280250644756,24.181300742454,-173.350207367058
-117.016319144325,78.42039299642,154.800734874874
-68.318023943521,84.195867192906,51.532327448595
-168.0388837814,107.429117208851,151.174342333843
57.883014657561,122.828415888127,-229.55555340266
51.392041651683,56.162649714837,66.900497856786
-167.237718591145,38.748525025585,10.118381231027
-109.571434298877,121.485328101901,197.54055161607
141.550796920899,87.497492518887,32.532336222451
80.35065266965,122.243978336836,13.686121338465
69.471926316916,133.581356262653,-9.961977433606
-199.911956321701,67.16986623686,21.7273459231
-34.3810877111,7.421457335053,201.629265185227
-34.655729877384,50.823586374837,119.690775864964
-108.290667881692,111.764149986962,225.493854020739
165.756427627342,19.67254305928,-125.387367644029
-200.248377180698,99.966272561781,133.120982219541
-70.335574486192,31.827487148665,-79.172863838952
-20.437721354086,103.083521077054,-51.223982176707
-26.448070444145,89.604989096543,-139.279701941532
95.319664853555,156.028391334233,-32.330781596847
123.787560236226,143.807960650458,-117.435403463279
-82.442788849942,169.444098989745,185.840263854106
81.767997291857,68.675522900292,64.403874199712
163.789393684934,91.375551164748,-1.883134098419
-75.131822377667,80.878663442487,-103.549285072628
54.619621712024,149.830611333279,75.965966044162
-51.280957668165,31.590584771068,88.198844818832
-45.648455929296,12.58010497385,-74.926648283494
197.325560344844,69.621830941877,-148.324350454823
-62.833493627185,65.397498542973,-25.870697513549
190.32099591405,105.108958559619,-163.109270010145
20.216202078149,162.020411033356,-188.205095591375
-33.656534297116,16.598068868729,127.979643867738
-47.240326237294,85.906616922163,-83.600336121822
-90.712951910905,161.824455148959,105.205877686277
78.596299559531,20.40129558465,-143.152702158514
-70.118904808748,91.421099410273,-76.55182477261
-84.24449515479,85.820519718395,75.512337786116
158.297191009556,25.89786863231,-69.382664181792
141.021391664452,55.671255624482,-2.622819163591
-58.983217754986,124.187456013975,166.370742805259
134.253248735546,135.999501033148,-204.756302346571
79.54653069481,33.043771732342,-52.306641625819
-33.059376114044,81.779516098196,-119.512307490239
50.988530546528,53.266942294521,-150.05120074786
-105.936411414755,51.263722519885,-12.260118977027
24.271210361009,163.114528423338,35.425564083336
20.388500568937,23.149195813907,-83.035359993381
109.267714651361,33.858337674339,-81.879906168447
87.508345652262,98.38370216264,-198.37258152761
26.767124027546,147.05150383383,-22.772188856556
-101.588122959423,52.303078733277,80.129808271838
136.470011823386,44.395416984321,-104.15972225023
-109.074774777396,22.577667072705,216.507072291405
141.753462912734,103.602233297751,-1.711208239684
68.045123911828,77.998974335576,-141.11075473554
190.058573800038,171.807910187658,-69.301260580921
-94.998620604675,46.782045846906,46.502486150779
61.437121247052,31.550780740285,-4.53607043412
95.330629034423,93.673252881472,28.296682834355
43.475740308784,162.30142884611,-54.773328098357
205.409069758476,63.043170699055,-111.41460567082
261.670344187051,43.732264134994,-93.034323801073
31.042679058188,68.30117719303,-67.616408650383
-10.183506020582,149.37029181049,153.701739292888
81.72879284093,106.82235874216,5.122157521615
-234.219475149283,105.597940546191,67.44258155809
158.974668210715,58.576686613873,9.942804395396
194.109193891084,61.602248465645,-111.358584060931
-29.425907847121,163.728593418485,-112.123898278585
-205.404856304895,124.272686283136,98.620079212772
-96.670157246375,123.209669674832,215.746833889851
-203.643891135793,105.409710059172,140.331972984073
36.181271705848,42.010111681987,-206.05475364816
127.835495886147,128.642211237237,-192.364813787067
-20.343066695762,166.798091670061,-13.63912106462
-134.570081479766,75.120151662727,35.437214190499
-44.315189816239,12.799884749245,221.774357240382
-11.4239317194,117.064264218972,-102.251350583962
-114.013503376539,47.972463826545,120.032590842504
-92.145816119112,49.723575757079,132.943631139871
-10.806281255124,164.065984043708,-73.293180384961
7.862204777951,149.788581761576,-89.447365375464
60.918711195603,130.24136968802,-38.279615805344
87.825927921954,55.576960534212,-250.664497711024
150.07562054479,125.733377729412,-33.12476939068
-93.965912221987,58.350179665874,204.683403843589
16.539415256593,7.799383208892,-162.712579022471
-96.993985124101,114.862790250764,43.086503846049
-136.934661608221,82.312825631352,187.764017176421
52.206028625439,68.143972072848,-13.022191353894
-80.283214551199,130.934666751303,255.914790559542
-147.154590024084,95.747985225778,5.020597079182
-4.511225185619,82.648615689264,-154.662298197305
41.121290486965,79.784956581272,-127.364376540458
-186.417866107711,55.794163419781,107.329434961873
205.563761707956,148.110974690819,-123.429562586667
-149.501875597861,143.932147985309,164.220441271482
13.946210678854,48.257721968446,-60.503867272293
107.675499655926,62.70762598347,-200.932519138229
-221.808704276,75.631368892643,108.776631136675
-88.287938945707,98.355837914963,65.702744571611
-68.669755846797,99.732563062696,99.273806168911
-86.966699648365,91.401478508349,96.413845132563
10.049384473524,137.216017988906,-88.472006894271
-83.305724887579,48.290560956879,98.827032286282
123.247759899818,146.830595655425,35.212741898687
-79.205123116788,75.769993553254,140.581320432412
37.505153742507,47.813249179498,-39.022249845258
-82.255102253281,52.304133718779,227.838217277401
125.224747835567,178.471181642786,37.159547773022
-2.606264657566,70.801184941826,14.556539997327
-62.196655847665,79.471055297455,-50.676217081397
80.429541894581,65.609050505968,-68.607624866964
-48.831287306698,103.681397016961,72.762047781549
69.563720176973,80.213417491665,23.335563619137
131.259056004538,166.187574378548,-207.539998480461
-192.252998108128,20.305523435591,139.933204195017
181.636366009374,96.495399441162,-56.123768434953
-110.354495822347,61.610422767561,-65.746439245375
-85.917485585792,34.230516776952,191.827888333369
134.382915679608,171.330406642144,-211.126021366801
-226.851404135668,110.916909071314,131.772260271399
-191.048759494489,82.565858255806,131.971526680228
-137.989945474762,93.158159413358,177.741657237065
-110.560684712514,140.705491763932,24.110624507585
165.01303332691,129.536214428476,-35.754383840137
-16.414766618254,63.844563426336,-64.28318786758
-237.462377348403,75.319662979163,102.102704115386
-174.271359515735,66.854429212939,44.176698277633
43.795134641697,54.804041436912,128.210521943263
-73.487561278241,158.678046726416,-83.635331537004
-14.095720084984,77.335156825322,-13.993544082482
-145.817945000461,101.904370273045,137.745095699251
90.592617409736,23.246435389624,-84.894514887002
54.210542079717,97.701851297271,-131.835466927671
184.768103953936,76.502005155387,-40.843666976512
51.931073462264,37.652030528226,111.2565485207
20.599933002065,100.085914573971,-120.49234949021
29.404179592081,136.768958919305,148.251714932645
22.522055038802,62.236012995404,-9.517851052415
-155.552620531094,107.226664921682,181.683096153091
6.230704673017,62.617047663684,44.268395925306
13.64442471743,157.77746828659,-153.266619377665
165.581376150721,36.865270941838,-3.753103788704
-31.52572680171,70.527241227117,-59.335366511591
-141.733817642596,161.100270167905,186.211792756933
30.64548394997,66.847530876774,-131.588164227656
-67.711731511593,84.717324301111,234.350330127161
-216.249721268948,34.178451856585,115.923555413615
-46.5044658455,67.14923069315,50.564830550033
111.083496003067,132.898864543974,37.581793160648
125.583442788674,91.513757729691,-51.231574136247
177.84753989713,46.482929410333,-88.290644122245
116.911568218962,142.350193793175,31.636585828334
245.86394171097,36.601894664918,-98.916176029514
92.737573410762,50.976603506166,45.150761384085
84.624299787003,153.453170999138,50.307238283112
235.470860130498,112.911639949166,-82.682079161347
-3.72597404796,120.121191530637,-94.207329119703
-79.489023837395,110.338021121534,199.042430379029
-76.761398157111,71.61676417173,171.400056380363
180.939555144519,135.682464087216,-140.420923186175
4.896560138615,80.054977653916,-85.290279383639
17.253414230632,61.195033567118,39.795329313638
-66.368706346737,111.062343177192,-0.0908982254
-12.032720710477,74.573029453538,82.485040276504
-5.815505679962,45.654806394613,20.921815000792
-101.879429485028,129.156768705204,193.024269125433
71.610623161017,109.128837215756,-33.193225225839
247.062931863401,77.608920221445,-75.837510220218
-78.56581222866,95.168244928568,248.194271687578
0.869201620827,89.310703214788,-90.760709510364
-92.582623888535,102.104395850413,56.198930996013
174.514014746661,55.508579212031,-11.728496043333
19.216069924507,30.268677925792,-188.265909884319
-42.78128814936,33.54788249518,-64.570025224682
-81.971284446309,35.465783807667,174.028038400251
88.6249405164,78.959782093629,-224.831830722677
-15.106244601588,124.399080956154,-150.875365180807
-34.822692031832,91.451687528699,32.31777829105
-169.161202007226,90.724857385458,115.959590672571
63.201664431557,24.261941217011,-142.012988641177
149.737982079711,16.012116131543,-170.854581810049
45.589338454936,154.63708943299,124.001078148204
129.913643238129,18.001416361362,0.384016058543
-101.156314058106,128.048792279862,-61.135333734293
27.252492130834,128.39607328453,-159.143064716692
-155.082939609353,131.734353828721,81.394120029682
-200.233284514763,122.704864799156,132.735549002169
12.308322362827,26.748993613501,145.01536072269
-103.508216028314,64.824504130841,77.728375064634
-73.183993091956,121.89724235601,203.529851264432
-111.187656957699,130.287027284343,131.240947912356
87.774277546186,68.459183301763,39.250745029584
-166.331256163787,154.14564612249,175.736235656396
157.212412877073,87.231767469485,-63.40148385665
107.528163547749,162.786444296212,-22.077839618998
16.328495543074,148.413463326435,-45.453110678431
30.909548117228,41.627656204508,-209.888833938412
-68.951299452852,51.138018769569,56.138848702086
-136.569269537069,38.692640910954,-31.614965572082
-108.089916180993,12.045352191527,10.918173745073
-167.464793428304,142.377286133384,45.867069678209
22.445056903588,100.349485406483,86.475423416612
-42.266574272794,138.570796742498,174.083183829217
-67.37616610892,56.725560238183,25.238807103726
56.391405945339,68.467488840838,-144.662984348967
110.375049719478,92.969413209651,-60.152507950358
-91.176911326412,118.152526381995,130.651547164719
-168.65737445783,148.26252798232,4.187251427269
-193.138782963217,80.036929880651,120.616620279386
53.191355309472,39.45594442103,-145.142764261905
-6.023436553947,152.808022054909,124.808551647605
56.765472328235,100.197683979538,-53.154325869358
-2.77306714934,109.370049686888,11.910582152057
-21.691348788392,41.35416601248,80.395726556534
125.935468368334,23.241191301915,-203.649510705836
-135.63619896217,102.608417335441,176.694232153027
91.754827265576,72.833043239523,-47.755940026093
169.818627345314,21.696310355038,-158.970570100075
13.163886691702,46.245375673927,144.04213375133
102.537085920886,146.947157560316,17.9954713436
97.894488303418,49.816833728892,-195.087437323784
-148.809066158043,100.551616959574,81.751685324575
19.430594374847,40.135735547323,-152.350388063433
112.751274417156,41.100255582573,-187.947495552171
238.576082261132,170.757222574063,-76.158006318267
-102.606372423357,34.966638704568,135.681695856576
-2.137187166735,121.252723305562,-157.315648587397
116.451248503199,43.388893597485,-42.579396023343
170.035376878068,100.217878808285,-138.982780452505
8.796571778032,69.629073791145,31.991569886495
-119.293145331978,60.433940524743,9.669772190975
-156.472424324526,84.934871475718,193.194183146321
156.567605432097,105.166246372895,-91.146725941453
101.877720478683,85.883053369727,-70.588802979428
-91.612621374027,52.385680640124,-9.63623317488
-33.926181126352,94.149073357438,57.747625840841
116.772177716606,124.290747188699,-171.106572342503
-134.905458124745,138.827409489604,221.54644844647
153.27575301874,145.578473077313,-26.858066175347
110.104132947785,58.906139974229,4.990738494138
137.384785150876,40.897057034338,16.953724772082
52.600404555426,83.932157629396,-92.44186962921
125.567876645686,81.173821471368,-25.387717306306
96.097182012516,124.819516145226,-109.897483565487
-49.389379779396,76.449477912214,-56.043144167896
-25.218363028489,90.973680114495,-59.810619434736
-52.289873269658,31.062843129071,23.85785676975
58.234456495517,138.067526416472,-54.043913104329
-78.850451998749,124.476561188694,151.162632242206
84.672352754922,126.793575801473,23.631450841815
16.160114113719,114.372912358533,-45.113903724703
-13.188487312857,154.426562658636,46.014772276766
-78.783097525478,67.538925594267,-3.260824080598
-125.039984764544,102.390891971012,201.627275256745
-118.392119853897,56.794173828471,-26.638154939408
-103.506883515181,135.824773668867,184.425567571494
42.721707572869,25.443791743547,-117.656565432522
138.462207976972,21.335382087191,-66.88157180047
-94.964369425009,18.651803411926,76.286772230181
131.378262383752,18.784136763146,-179.685541274331
-215.527063153529,113.411630806311,129.248612977898
-32.676575247383,114.362852758733,126.696395311703
-0.875592920706,143.745479512916,-91.288387715717
44.630279555215,82.899856047386,33.684476500624
16.192282296804,57.482672197642,160.245812993095
114.254404068397,68.910128248066,-222.508921318189
-147.942299238519,92.090946432428,134.791112545902
-127.386310587084,159.957737769737,117.884479386228
-66.392152584368,109.08091257747,124.637954684864
150.177197928526,35.978667005455,-98.411634179418
10.570574468313,68.950522185569,-62.113072325306
-88.119239612643,74.630968320433,-36.112358604892
253.145602565502,12.166888384131,-95.450617109331
-68.285864036679,166.434618669125,37.41713231326
-80.733291970242,38.819210208493,79.857714717974
173.759450123698,17.287422063751,-28.334703889795
-103.032654405727,72.441641195803,200.510010105052
17.538422956694,128.603314648043,-142.352625246656
-184.082449558664,134.357202770195,175.093361080185
-145.906521199774,77.94978075971,123.897997773818
54.610697772351,123.001278506213,-101.633673576653
130.261088521314,80.860201437083,-220.654553910097
-93.731461407325,102.244298366615,-71.119518425706
-111.963327613236,71.982405059643,191.63785634366
-20.23516175464,79.579098806104,-148.934090182526
85.057963281044,150.204085089928,-68.000086296305
-119.702258788117,134.228514734039,218.195277934645
101.657079468083,128.457786168263,-48.692350951574
-184.75574863665,28.129025325955,68.449754144752
214.98858969339,87.978241652817,-105.144379429631
96.687756470793,70.124538154312,-161.243692303998
111.701965620134,63.860368310233,-172.775141135334
114.747232033431,67.930753829805,-231.920328599261
-195.273226919617,35.154531187188,81.803612324696
61.380289972621,31.034240779764,-95.776141287875
90.30820167753,151.297284162077,51.648026314389
100.958974444107,87.96891125719,67.614816458015
-73.291783890214,122.387975320433,-48.266286697067
-116.629291110176,112.928698154094,-39.162539765089
88.411772260908,126.815930794066,21.912228598261
90.405484811459,73.060797084523,-93.64740695429
137.502494280301,95.910424621142,-57.288198278058
-222.414442595151,92.528072422059,94.532377991114
138.282747073078,52.849559270505,-220.380798452402
-63.233277071066,58.596651594883,73.602157093836
-75.379068651711,32.401967999281,89.716445332417
-99.005099885133,88.085672176489,-64.059551555195
-180.190181677438,97.375205557856,114.589997742373
-77.955078611521,39.842776054809,-94.670938736629
59.182477274999,82.393998666879,-162.77813436473
53.476191826357,46.419237685348,-229.473028355823
-209.955111431816,107.783664708972,46.149503701848
0.301738476763,129.402177893204,-102.273818124115
71.922669594235,69.773172325376,-150.735483823597
76.184091564143,65.918346930103,-27.874027285851
-216.077316008586,74.19593970832,71.823505477038
64.326834385097,138.141811388528,-189.541304698571
47.895301736174,99.048575263874,91.665655290145
-158.107887163124,36.380616092115,55.104008812116
-24.573071778486,142.43710893387,66.689807332947
154.18982865193,22.467981060443,-88.598395754146
-30.289817742826,79.03043282983,5.430059995453
153.393399954579,150.613077033174,-112.373825829784
154.406599501048,89.737492523044,-179.373819344539
46.067099169705,53.999577711535,52.225781165579
134.623043870275,103.509904026514,-105.938962763086
-136.170968297205,27.203759101595,221.48289604947
-66.653636697524,149.282067977359,206.385064649665
-212.416282656277,168.590452730608,59.110477439591
-165.920678307519,35.830753001616,-10.729284498846
92.928212118888,89.261460616704,-216.885602496747
-119.694779711495,167.7278636496,82.654121526266
57.092680233649,142.980511810268,-37.086792164111
-106.163002461351,59.672025211833,252.820186327951
23.971697213509,80.552618965533,-137.580193653328
-110.142784115203,140.693947474461,206.612017751101
-219.378809289207,74.469340942391,139.729416175245
-81.019632487273,112.549296640841,214.644614841183
3.795907804116,85.252645883289,-93.970544638969
6.016892645056,121.788487285698,-13.933711905426
137.028411601928,83.162728708184,-25.144974061554
43.515913565498,76.131382463507,81.768092594458
-21.486456495864,134.25919670161,-147.218611177488
125.671966731444,158.357415172705,-181.573192930635
-138.886263344314,51.198848543608,77.336080073165
-152.049122483432,102.258563950198,-20.553923184994
60.264650796396,60.767627235515,-78.871320999283
187.408425749121,145.008532081101,-119.064660215944
141.756862799297,105.429199566699,-44.279787995272
77.594837843246,47.344091500147,-211.972279496209
-98.057637077988,121.031322129761,-74.782915670685
-153.284124826191,73.561051829733,65.765435721646
136.147523528061,100.046157597299,-174.819089613573
68.064416223853,20.130933163535,-164.60180358342
67.020609614426,14.934310112577,-169.127218628284
-34.052484636139,57.768614075546,-137.052696827399
-45.615561638137,112.069241819038,-115.846404862413
